0,0,4,1,1,4,4,88.0,92.0
1,0,4,1,1,33,30,88.0,92.0
2,0,4,1,1,5,5,88.0,92.0
3,0,4,1,1,16,14,88.0,92.0
4,0,4,1,1,37,31,88.0,92.0
5,0,4,1,1,93,33,88.0,92.0
6,0,6,1,1,3,2,88.0,92.0
7,0,6,1,1,96,33,88.0,92.0
8,0,6,1,1,37,33,88.0,92.0
9,0,6,1,1,69,33,88.0,92.0
10,0,6,1,1,28,33,88.0,92.0
11,0,5,1,1,12,12,88.0,90.0
12,0,5,1,1,25,25,88.0,90.0
13,0,5,1,1,5,5,88.0,90.0
14,0,5,1,1,14,14,88.0,90.0
15,0,5,1,1,87,33,88.0,90.0
16,0,5,1,1,49,33,88.0,90.0
17,0,5,1,1,140,33,88.0,90.0
18,0,4,1,1,26,33,88.0,88.0
19,0,4,1,1,4,3,88.0,88.0
20,0,4,1,1,6,6,88.0,88.0
21,0,4,1,1,32,33,88.0,88.0
22,0,4,1,1,57,33,88.0,88.0
23,0,4,1,1,8,5,90.0,90.0
24,0,4,1,1,21,15,90.0,90.0
25,0,4,1,1,94,33,90.0,90.0
26,2,5,1,1,5,5,90.0,65.51724137931035
27,2,5,1,1,14,14,90.0,65.51724137931035
28,2,5,1,1,52,33,90.0,65.51724137931035
29,2,5,1,1,59,33,90.0,65.51724137931035
30,2,5,1,1,110,33,90.0,65.51724137931035
31,2,6,1,1,9,5,88.0,58.333333333333336
32,2,6,1,1,42,33,88.0,58.333333333333336
33,2,6,1,1,41,33,88.0,58.333333333333336
34,2,6,1,1,45,33,88.0,58.333333333333336
35,2,6,1,1,27,33,88.0,58.333333333333336
36,1,5,2,2,3,3,88.0,70.0
37,1,5,2,2,10,10,88.0,70.0
38,1,5,2,2,79,33,88.0,70.0
39,1,5,2,2,56,33,88.0,70.0
40,1,5,2,2,124,33,88.0,70.0
41,1,5,2,2,46,33,88.0,70.0
42,1,4,2,1,35,33,90.0,70.0
43,1,4,2,1,17,16,90.0,70.0
44,1,4,2,1,72,33,90.0,70.0
45,1,4,2,1,52,33,90.0,70.0
46,1,4,2,2,12,12,90.0,70.0
47,1,4,2,2,7,7,90.0,70.0
48,1,4,2,2,25,33,90.0,70.0
49,1,4,2,2,27,33,90.0,70.0
50,0,4,3,2,12,11,88.0,88.0
51,0,4,3,2,4,3,88.0,88.0
52,0,4,3,2,60,33,88.0,88.0
53,0,4,3,2,66,33,88.0,88.0
54,0,4,3,2,26,25,88.0,88.0
55,0,4,3,2,148,33,88.0,88.0
56,0,4,3,3,2,2,88.0,88.0
57,0,4,3,3,32,32,88.0,88.0
58,0,4,3,3,16,16,88.0,88.0
59,0,4,3,3,25,25,88.0,88.0
60,0,4,3,3,99,33,88.0,88.0
61,0,6,4,1,11,5,84.0,86.0
62,0,6,4,1,29,33,84.0,86.0
63,0,6,4,1,309,33,84.0,86.0
64,0,6,4,1,70,33,84.0,86.0
65,0,6,4,1,66,33,84.0,86.0
66,0,5,4,4,3,3,78.0,82.0
67,0,5,4,4,1,1,78.0,82.0
68,0,5,4,4,5,5,78.0,82.0
69,0,5,4,4,15,15,78.0,82.0
70,0,5,4,4,29,26,78.0,82.0
71,0,5,4,4,161,33,78.0,82.0
72,0,5,4,4,59,33,78.0,82.0
73,0,2,4,33,12,33,78.0,82.0
74,0,2,4,33,1,33,78.0,82.0
75,0,2,4,33,23,33,76.0,82.0
76,0,6,4,4,1,1,76.0,82.0
77,0,6,4,4,3,3,76.0,82.0
78,0,6,4,4,1,1,76.0,82.0
79,0,6,4,4,6,33,76.0,82.0
80,0,6,4,4,8,8,76.0,82.0
81,0,4,4,4,13,13,78.0,82.0
82,0,4,4,4,42,33,78.0,82.0
83,0,6,4,2,3,1,76.0,78.0
84,0,6,4,2,5,3,76.0,78.0
85,0,6,4,2,14,7,76.0,78.0
86,0,6,4,2,52,33,76.0,78.0
87,0,6,4,2,15,33,76.0,78.0
88,0,4,4,6,20,19,76.0,78.0
89,0,4,4,6,29,25,76.0,78.0
90,0,4,4,6,80,33,76.0,78.0
91,0,6,7,6,3,2,74.0,74.0
92,0,6,7,6,2,1,74.0,74.0
93,0,6,7,6,19,33,74.0,74.0
94,0,6,7,6,38,33,74.0,74.0
95,0,6,7,6,33,33,74.0,74.0
96,0,5,6,6,12,12,76.0,74.0
97,0,5,6,6,49,33,76.0,74.0
98,0,5,6,6,39,33,76.0,74.0
99,0,5,6,6,54,33,76.0,74.0
100,0,4,6,8,66,33,76.0,76.0
101,0,4,8,7,18,33,74.0,72.0
102,0,4,8,7,14,12,74.0,72.0
103,0,4,8,7,276,33,74.0,72.0
104,0,4,8,7,40,33,74.0,72.0
105,0,4,8,7,38,33,74.0,72.0
106,2,5,8,8,2,2,70.0,50.0
107,2,5,8,8,92,33,70.0,50.0
108,2,5,8,8,85,33,70.0,50.0
109,2,5,8,8,79,33,70.0,50.0
110,2,5,8,8,98,33,70.0,50.0
111,2,5,8,8,111,33,70.0,50.0
112,2,6,9,4,48,33,70.0,46.666666666666664
113,2,6,9,4,39,33,70.0,46.666666666666664
114,2,6,9,4,49,33,70.0,46.666666666666664
115,2,6,9,2,42,33,70.0,46.15384615384615
116,2,6,9,2,47,33,70.0,46.15384615384615
117,1,5,9,8,79,33,72.0,72.0
118,1,5,9,8,101,33,72.0,72.0
119,1,4,8,8,31,24,72.0,72.0
120,1,4,8,8,93,33,72.0,72.0
121,1,4,8,8,104,33,72.0,72.0
122,1,6,8,4,20,9,72.0,70.0
123,1,6,8,4,35,16,72.0,70.0
124,1,6,8,4,48,33,72.0,70.0
125,1,4,8,7,9,6,74.0,70.0
126,1,4,8,7,21,16,74.0,70.0
127,1,4,8,7,13,10,74.0,70.0
128,1,4,8,7,37,33,74.0,70.0
129,0,4,11,10,5,4,74.0,72.0
130,0,4,11,10,1,1,74.0,72.0
131,0,4,11,10,54,33,74.0,72.0
132,0,4,11,10,7,6,74.0,72.0
133,0,4,11,10,27,21,74.0,72.0
134,0,4,11,10,58,33,74.0,72.0
135,0,4,13,11,2,1,72.0,70.0
136,0,4,13,11,5,4,72.0,70.0
137,0,4,13,11,100,33,72.0,70.0
138,0,4,13,11,68,33,72.0,70.0
139,0,4,13,11,43,33,72.0,70.0
140,0,6,12,2,118,33,72.0,72.0
141,0,6,14,33,11,6,72.0,74.0
142,0,6,14,33,61,33,72.0,74.0
143,0,6,14,33,130,33,72.0,74.0
144,0,6,14,33,3,1,72.0,74.0
145,0,6,14,33,48,33,72.0,74.0
146,0,6,17,2,51,33,70.0,74.0
147,0,6,17,2,163,33,70.0,74.0
148,0,6,17,2,56,33,70.0,74.0
149,0,6,17,2,69,33,70.0,74.0
150,0,5,16,15,4,3,70.0,68.0
151,0,5,16,15,78,33,70.0,68.0
152,0,5,16,15,79,33,70.0,68.0
153,0,5,16,15,581,33,70.0,68.0
154,0,6,15,6,33,33,70.0,70.0
155,0,6,15,6,93,33,70.0,70.0
156,0,6,15,6,582,33,70.0,70.0
157,0,4,12,11,61,33,72.0,72.0
158,0,6,12,6,4,1,72.0,74.0
159,0,6,12,6,29,33,72.0,74.0
160,0,6,12,6,86,33,72.0,74.0
161,0,6,10,1,31,5,72.0,74.0
162,0,6,10,1,144,33,72.0,74.0
163,0,6,10,1,93,33,72.0,74.0
164,0,2,11,33,98,33,74.0,76.0
165,0,2,11,33,27,33,74.0,76.0
166,0,5,13,11,4,3,76.0,76.0
167,0,5,13,11,73,33,76.0,76.0
168,0,5,13,11,69,33,76.0,76.0
169,0,5,13,11,145,33,76.0,76.0
170,0,5,13,11,93,33,76.0,76.0
171,0,4,12,10,9,7,78.0,76.0
172,0,4,12,10,36,33,78.0,76.0
173,0,4,12,10,75,33,78.0,76.0
174,0,4,12,7,23,33,78.0,76.0
175,0,4,12,7,70,33,78.0,76.0
176,1,6,10,2,5,1,72.0,66.0
177,1,6,10,2,136,33,72.0,66.0
178,1,6,10,2,86,33,72.0,66.0
179,1,6,10,2,59,33,72.0,66.0
180,2,5,13,10,3,1,74.0,25.0
181,2,5,13,10,7,5,74.0,25.0
182,2,5,13,10,24,20,74.0,25.0
183,2,5,13,10,88,33,74.0,25.0
184,2,5,13,10,267,33,74.0,25.0
185,2,6,13,2,35,33,76.0,28.57142857142857
186,1,5,12,11,7,7,76.0,68.0
187,1,5,12,11,60,33,76.0,68.0
188,1,5,12,11,89,33,76.0,68.0
189,1,5,12,11,186,33,76.0,68.0
190,1,4,13,10,5,4,76.0,66.0
191,1,4,13,10,54,33,76.0,66.0
192,1,4,13,10,56,33,76.0,66.0
193,1,4,13,10,40,33,76.0,66.0
194,1,4,12,10,10,8,78.0,64.0
195,1,4,12,10,22,33,78.0,64.0
196,1,4,12,10,35,33,78.0,64.0
197,1,4,12,9,3,2,76.0,66.0
198,1,4,12,9,8,5,76.0,66.0
199,1,4,12,9,81,33,76.0,66.0
200,1,4,12,9,198,33,76.0,66.0
201,0,4,11,9,103,33,78.0,78.0
202,0,4,11,9,102,33,78.0,78.0
203,0,4,11,9,19,17,78.0,78.0
204,0,4,11,9,71,33,78.0,78.0
205,0,4,10,10,132,33,74.0,76.0
206,0,4,10,10,62,33,74.0,76.0
207,0,4,10,10,52,33,74.0,76.0
208,0,2,11,33,110,33,72.0,76.0
209,0,2,11,33,203,33,72.0,76.0
210,0,6,10,4,11,5,72.0,76.0
211,0,6,10,4,89,33,72.0,76.0
212,0,6,10,4,43,33,72.0,76.0
213,0,5,10,11,4,4,70.0,76.0
214,0,5,10,11,42,32,70.0,76.0
215,0,5,10,11,120,33,70.0,76.0
216,0,5,10,11,104,33,70.0,76.0
217,0,5,10,11,140,33,70.0,76.0
218,0,6,10,33,167,33,68.0,72.0
219,0,6,10,33,58,33,68.0,72.0
220,0,6,10,33,176,33,68.0,72.0
221,0,2,10,33,30,33,68.0,72.0
222,0,2,10,33,111,33,66.0,72.0
223,0,2,10,33,24,33,66.0,72.0
224,0,1,11,9,9,7,66.0,74.0
225,0,1,11,9,2,2,66.0,74.0
226,0,6,10,1,143,33,68.0,76.0
227,0,4,9,8,35,33,70.0,78.0
228,0,6,11,7,49,33,70.0,78.0
229,0,6,11,7,8,4,70.0,78.0
230,0,6,11,7,116,33,70.0,78.0
231,0,6,11,7,27,33,70.0,78.0
232,0,6,16,1,13,2,68.0,76.0
233,0,6,16,1,32,7,68.0,76.0
234,0,6,16,1,65,33,68.0,76.0
235,0,6,16,1,69,33,68.0,76.0
236,0,4,14,10,39,31,66.0,72.0
237,0,4,14,10,23,20,66.0,72.0
238,0,4,14,10,90,33,66.0,72.0
239,0,6,14,1,20,2,66.0,68.0
240,0,6,14,1,37,5,66.0,68.0
241,0,6,14,1,56,33,66.0,68.0
242,0,6,14,1,112,33,66.0,68.0
243,0,5,16,13,4,4,68.0,66.0
244,0,5,16,13,20,17,68.0,66.0
245,0,5,16,13,716,33,68.0,66.0
246,0,5,16,13,191,33,68.0,66.0
247,0,4,15,11,26,33,68.0,66.0
248,0,4,15,11,48,33,68.0,66.0
249,0,4,15,16,85,33,70.0,66.0
250,0,6,24,5,107,33,66.0,66.0
251,0,6,24,5,130,33,66.0,66.0
252,0,6,24,5,81,33,66.0,66.0
253,0,6,24,5,45,12,66.0,66.0
254,0,6,24,5,69,33,66.0,66.0
255,0,6,23,2,132,33,68.0,68.0
256,2,5,23,19,48,33,70.0,33.33333333333333
257,2,6,23,3,309,33,72.0,40.0
258,1,5,19,18,3,3,72.0,64.0
259,1,5,19,18,105,33,72.0,64.0
260,1,5,19,18,87,33,72.0,64.0
261,1,5,19,18,85,33,72.0,64.0
262,1,6,17,6,125,33,72.0,62.0
263,1,6,17,6,25,33,72.0,62.0
264,1,4,18,33,3,2,70.0,62.0
265,1,4,18,33,32,33,70.0,62.0
266,1,4,18,14,76,33,70.0,62.0
267,1,4,18,14,55,33,70.0,62.0
268,1,6,19,11,5,2,68.0,62.0
269,1,6,19,11,7,3,68.0,62.0
270,1,6,19,11,11,5,68.0,62.0
271,1,6,19,11,77,33,68.0,62.0
272,1,4,22,33,1,1,68.0,62.0
273,1,4,22,33,46,33,68.0,62.0
274,0,4,31,21,37,26,64.0,66.0
275,0,4,31,21,12,7,64.0,66.0
276,0,4,31,21,44,32,64.0,66.0
277,0,4,31,21,83,33,64.0,66.0
278,0,4,31,21,22,14,64.0,66.0
279,0,4,31,21,162,33,64.0,66.0
280,0,6,32,16,42,33,66.0,66.0
281,0,6,32,16,11,4,66.0,66.0
282,0,6,32,16,43,33,66.0,66.0
283,0,6,34,5,3,1,68.0,66.0
284,0,6,34,5,166,33,68.0,66.0
285,0,6,34,5,115,33,68.0,66.0
286,0,6,34,5,60,33,68.0,68.0
287,0,5,32,33,12,11,70.0,70.0
288,0,6,36,4,71,33,66.0,64.0
289,0,6,36,4,20,2,66.0,64.0
290,0,6,36,4,42,7,66.0,64.0
291,0,6,36,4,58,13,66.0,64.0
292,0,6,36,4,195,33,66.0,64.0
293,0,6,44,33,74,33,64.0,62.0
294,0,6,44,33,35,5,64.0,62.0
295,0,6,44,33,25,3,64.0,62.0
296,0,6,44,33,149,33,64.0,62.0
297,0,6,44,33,55,33,64.0,62.0
298,0,6,43,33,8,5,64.0,64.0
299,0,6,43,33,27,33,64.0,64.0
300,0,6,46,33,7,1,62.0,64.0
301,0,6,46,33,58,33,62.0,64.0
302,0,6,46,33,82,33,62.0,64.0
303,0,6,46,33,97,33,62.0,64.0
304,1,5,75,33,2,2,62.0,60.0
305,1,5,75,33,7,6,62.0,60.0
306,1,5,75,33,99,33,62.0,60.0
307,1,5,75,33,227,33,62.0,60.0
308,1,5,75,33,13,11,62.0,60.0
309,1,4,81,33,22,15,64.0,59.183673469387756
310,1,4,81,33,6,3,64.0,59.183673469387756
311,1,4,81,33,24,33,64.0,59.183673469387756
312,1,6,74,33,81,33,64.0,59.57446808510638
313,1,6,74,33,75,33,64.0,59.57446808510638
314,0,5,74,33,16,11,64.0,66.0
315,0,4,73,14,99,33,66.0,68.0
316,0,3,71,6,114,11,64.0,70.0
317,0,3,71,6,978,33,64.0,70.0
318,0,6,68,33,5,1,64.0,72.0
319,0,6,68,33,102,33,64.0,72.0
320,0,6,79,33,30,33,64.0,74.0
321,0,6,79,33,10,4,64.0,74.0
322,0,6,79,33,50,33,64.0,74.0
323,0,6,78,33,76,33,66.0,76.0
324,0,5,82,33,67,33,66.0,76.0
325,0,5,82,33,216,33,66.0,76.0
326,0,6,79,33,24,5,66.0,78.0
327,0,3,78,3,121,33,68.0,80.0
328,0,3,96,2,173,10,66.0,74.0
329,0,3,96,2,124,6,66.0,74.0
330,0,3,96,2,153,8,66.0,74.0
331,0,3,96,2,183,13,66.0,74.0
332,0,3,96,2,275,33,66.0,74.0
333,0,1,95,8,18,1,64.0,72.0
334,0,1,95,8,60,5,64.0,72.0
335,0,1,95,8,47,2,64.0,72.0
336,0,1,95,8,55,3,64.0,72.0
337,0,1,95,8,74,6,64.0,72.0
338,0,6,101,33,14,4,64.0,72.0
339,0,6,101,33,79,33,64.0,72.0
340,0,6,119,33,18,4,66.0,68.0
341,0,6,119,33,53,33,66.0,68.0
342,0,6,119,33,13,1,66.0,68.0
343,0,6,119,33,91,33,66.0,68.0
344,0,3,127,14,247,33,68.0,67.3913043478261
345,0,3,127,14,90,6,68.0,67.3913043478261
346,0,3,127,14,152,33,68.0,67.3913043478261
347,0,3,127,14,221,33,68.0,67.3913043478261
348,0,3,128,15,64,3,70.0,68.18181818181817
349,0,3,128,15,279,33,70.0,68.18181818181817
350,0,6,127,33,57,6,72.0,69.76744186046511
351,0,5,137,33,24,23,74.0,69.23076923076923
352,0,5,137,24,202,33,74.0,69.23076923076923
353,0,5,137,24,224,33,74.0,69.23076923076923
354,0,5,137,24,240,33,74.0,69.23076923076923
355,0,3,135,33,121,5,74.0,70.27027027027027
356,0,3,135,33,788,33,74.0,70.27027027027027
357,0,3,194,3,152,2,70.0,65.625
358,0,3,194,3,268,13,70.0,65.625
359,0,3,194,3,203,5,70.0,65.625
360,0,3,194,3,285,16,70.0,65.625
361,0,3,194,3,2000,33,70.0,65.625
362,0,3,199,9,195,7,68.0,66.66666666666666
363,0,3,199,9,280,33,68.0,66.66666666666666
364,1,6,209,33,87,33,70.0,60.0
365,1,6,209,33,109,33,70.0,60.0
366,2,5,209,33,141,33,70.0,50.0
367,2,6,209,33,71,1,72.0,66.66666666666666
368,2,6,219,33,60,33,70.0,0.0
369,2,6,219,33,104,2,70.0,0.0
370,2,6,219,33,139,7,70.0,0.0
371,1,6,229,33,270,33,66.0,59.523809523809526
372,1,6,229,33,270,33,66.0,59.523809523809526
373,1,6,229,33,147,6,66.0,59.523809523809526
374,1,4,263,33,7,8,66.0,60.0
375,1,4,263,33,59,33,66.0,60.0
376,1,3,298,33,129,4,66.0,55.88235294117647
377,1,3,298,33,284,33,66.0,55.88235294117647
378,1,3,298,33,91,2,66.0,55.88235294117647
379,1,3,298,33,2000,33,66.0,55.88235294117647
380,1,3,298,33,181,9,66.0,55.88235294117647
381,1,3,298,33,219,33,66.0,55.88235294117647
382,1,6,314,33,33,5,64.0,56.666666666666664
383,1,6,314,33,323,33,64.0,56.666666666666664
384,1,6,314,33,109,4,64.0,56.666666666666664
385,1,6,314,33,139,7,64.0,56.666666666666664
386,1,3,316,33,180,7,66.0,57.14285714285714
387,1,3,316,33,243,33,66.0,57.14285714285714
388,1,3,319,33,2000,33,66.0,59.25925925925925
389,1,7,322,33,345,2,60.0,50.0
390,1,7,322,33,445,5,60.0,50.0
391,1,7,322,33,2000,33,60.0,50.0
392,1,7,322,33,619,33,60.0,50.0
393,1,7,322,33,2000,33,60.0,50.0
394,0,7,324,33,387,5,55.319148936170215,60.0
395,0,7,324,33,2000,33,55.319148936170215,60.0
396,0,7,324,33,445,33,55.319148936170215,60.0
397,0,7,324,33,505,33,55.319148936170215,60.0
398,0,7,324,33,432,33,55.319148936170215,60.0
399,0,3,546,33,250,33,48.78048780487805,47.368421052631575
400,0,3,546,33,301,33,48.78048780487805,47.368421052631575
401,0,3,546,33,151,4,48.78048780487805,47.368421052631575
402,0,3,546,33,224,33,48.78048780487805,47.368421052631575
403,0,3,546,33,172,9,48.78048780487805,47.368421052631575
404,0,3,546,33,277,33,48.78048780487805,47.368421052631575
405,0,7,549,33,2000,33,45.94594594594595,40.0
406,0,7,549,33,2000,33,45.94594594594595,40.0
407,0,7,549,33,546,33,45.94594594594595,40.0
408,0,7,549,33,2000,33,45.94594594594595,40.0
409,0,7,550,33,492,6,45.714285714285715,38.46153846153847
410,0,7,550,33,2000,33,45.714285714285715,38.46153846153847
411,0,7,549,33,2000,33,47.05882352941176,41.66666666666667
412,0,3,762,33,887,33,48.484848484848484,45.45454545454545
413,0,7,785,33,556,2,46.666666666666664,37.5
414,0,7,785,33,812,33,46.666666666666664,37.5
415,0,7,785,33,990,33,46.666666666666664,37.5
416,0,3,870,33,156,33,46.42857142857143,33.33333333333333
417,0,3,870,33,647,33,46.42857142857143,33.33333333333333
418,1,3,879,33,398,8,48.148148148148145,52.38095238095239
419,1,7,882,33,431,33,48.0,52.63157894736842
420,1,7,882,33,2000,33,48.0,52.63157894736842
421,1,3,891,33,327,5,50.0,55.55555555555556
422,1,3,891,33,157,33,52.17391304347826,58.82352941176471
423,1,7,1115,33,471,2,52.38095238095239,60.0
424,1,7,1115,33,2000,33,52.38095238095239,60.0
425,1,7,1159,33,397,33,43.75,50.0
426,1,7,1159,33,1045,33,43.75,50.0
427,1,7,1159,33,1392,33,43.75,50.0
428,1,7,1159,33,767,3,43.75,50.0
429,1,7,1159,33,1499,33,43.75,50.0
430,1,7,1161,33,431,7,42.857142857142854,50.0
431,1,7,1161,33,2000,33,42.857142857142854,50.0
432,1,3,1169,33,389,33,46.15384615384615,57.14285714285714
433,1,7,1197,33,558,33,45.45454545454545,60.0
434,1,7,1197,33,1087,33,45.45454545454545,60.0
435,1,7,1480,33,671,33,37.5,50.0
436,1,7,1480,33,2000,33,37.5,50.0
437,1,7,1480,33,761,33,37.5,50.0
438,1,7,1476,33,440,2,33.33333333333333,0.0
439,1,7,1476,33,759,33,33.33333333333333,0.0
440,0,7,1592,33,402,2,25.0,25.0
441,0,7,1592,33,1211,33,25.0,25.0
442,0,7,1592,33,585,8,33.33333333333333,33.33333333333333
443,0,7,1583,33,789,33,50.0,50.0
444,0,7,2000,33,445,7,0.0,0.0
445,0,7,2000,33,756,33,0.0,0.0
0,0,6,3,2,1,1,80.0,74.0
1,1,5,3,3,2,2,70.0,80.0
2,0,4,2,2,3,3,70.0,74.0
3,0,6,2,1,7,6,84.0,78.0
4,0,4,1,1,11,10,78.0,82.0
5,0,4,2,1,13,11,74.0,78.0
6,0,5,4,3,13,11,80.0,70.0
7,1,6,5,1,10,2,86.0,86.0
8,2,5,7,5,13,10,88.0,50.0
9,0,4,35,33,9,8,70.0,72.09302325581395
10,1,3,2000,33,319,33,71.42857142857143,71.42857142857143
11,0,4,2,3,33,30,80.0,76.0
12,0,4,2,3,46,33,80.0,76.0
13,0,4,2,3,560,33,80.0,76.0
14,0,4,2,3,51,33,80.0,76.0
15,0,6,3,2,1,1,80.0,74.0
16,0,6,3,2,5,3,80.0,74.0
17,0,6,3,2,27,7,80.0,74.0
18,0,6,3,2,39,33,80.0,74.0
19,0,6,3,2,51,33,80.0,74.0
20,0,6,3,33,7,33,80.0,72.0
21,0,6,3,33,17,33,80.0,72.0
22,0,2,3,33,18,33,80.0,72.0
23,0,2,3,33,35,33,78.0,72.0
24,0,5,3,3,74,33,78.0,72.0
25,0,5,3,3,186,33,78.0,72.0
26,0,4,3,2,46,33,80.0,74.0
27,1,8,3,2,2,1,78.0,84.0
28,1,8,3,2,19,13,78.0,84.0
29,1,8,3,2,13,9,78.0,84.0
30,1,8,3,2,66,33,78.0,84.0
31,1,8,3,2,28,33,78.0,84.0
32,1,8,3,2,274,33,78.0,84.0
33,2,5,3,3,2,2,72.0,80.95238095238095
34,2,5,3,3,5,5,72.0,80.95238095238095
35,2,5,3,3,13,12,72.0,80.95238095238095
36,2,5,3,3,16,16,72.0,80.95238095238095
37,2,5,3,3,29,29,72.0,80.95238095238095
38,2,5,3,3,69,33,72.0,80.95238095238095
39,2,5,3,3,269,33,72.0,80.95238095238095
40,2,6,2,1,31,33,72.0,84.21052631578947
41,2,6,2,1,26,33,72.0,84.21052631578947
42,1,5,3,3,4,4,70.0,80.0
43,1,5,3,3,2,2,70.0,80.0
44,1,5,3,3,9,9,70.0,80.0
45,1,5,3,3,21,21,70.0,80.0
46,1,5,3,3,28,27,70.0,80.0
47,1,5,3,3,176,33,70.0,80.0
48,1,5,3,3,107,33,70.0,80.0
49,1,4,3,2,8,7,70.0,82.0
50,1,4,3,2,24,23,70.0,82.0
51,1,4,3,2,63,33,70.0,82.0
52,1,4,3,2,59,33,70.0,82.0
53,0,4,2,1,12,11,70.0,76.0
54,0,4,2,1,24,23,70.0,76.0
55,0,4,2,1,47,33,70.0,76.0
56,0,4,2,1,64,33,70.0,76.0
57,0,4,2,2,4,4,70.0,74.0
58,0,4,2,2,3,3,70.0,74.0
59,0,4,2,2,6,6,70.0,74.0
60,0,4,2,2,58,33,70.0,74.0
61,0,4,2,2,31,31,70.0,74.0
62,0,4,2,2,40,33,70.0,74.0
63,1,6,2,1,117,33,72.0,84.0
64,1,6,2,1,21,3,74.0,86.0
65,1,6,2,1,152,33,74.0,86.0
66,1,6,2,1,134,33,74.0,86.0
67,0,5,2,2,6,6,74.0,72.0
68,0,5,2,2,60,33,74.0,72.0
69,0,5,2,2,140,33,74.0,72.0
70,0,5,2,2,46,33,74.0,72.0
71,0,5,2,2,131,33,74.0,72.0
72,0,6,2,2,1,1,76.0,74.0
73,0,6,2,2,3,3,76.0,74.0
74,0,6,2,2,5,5,76.0,74.0
75,0,6,2,2,7,7,76.0,74.0
76,0,4,2,2,45,33,78.0,76.0
77,0,4,2,1,19,18,80.0,78.0
78,0,4,2,1,33,30,80.0,78.0
79,0,4,2,1,73,33,80.0,78.0
80,0,6,2,1,7,6,84.0,78.0
81,0,6,2,1,9,7,84.0,78.0
82,0,6,2,1,18,33,84.0,78.0
83,0,6,2,1,53,33,84.0,78.0
84,0,5,1,1,3,3,84.0,80.0
85,0,5,1,1,12,12,84.0,80.0
86,0,5,1,1,61,33,84.0,80.0
87,0,5,1,1,28,26,84.0,80.0
88,0,5,1,1,177,33,84.0,80.0
89,0,5,1,1,75,33,84.0,80.0
90,0,4,1,1,2,2,86.0,80.0
91,0,4,1,1,20,33,86.0,80.0
92,0,4,1,1,70,33,86.0,80.0
93,0,4,1,1,13,14,86.0,80.0
94,0,4,1,1,55,33,86.0,80.0
95,0,4,1,1,14,12,86.0,80.0
96,0,4,1,1,17,15,86.0,80.0
97,0,4,1,1,41,33,86.0,80.0
98,2,5,1,1,2,2,86.0,75.0
99,2,5,1,1,3,3,86.0,75.0
100,2,5,1,1,6,6,86.0,75.0
101,2,5,1,1,38,33,86.0,75.0
102,2,5,1,1,28,25,86.0,75.0
103,2,5,1,1,84,33,86.0,75.0
104,2,5,1,1,542,33,86.0,75.0
105,2,6,2,1,18,7,82.0,57.14285714285714
106,2,6,2,1,32,33,82.0,57.14285714285714
107,2,6,2,1,26,33,82.0,57.14285714285714
108,2,6,2,1,36,33,82.0,57.14285714285714
109,2,6,2,1,83,33,82.0,57.14285714285714
110,1,5,1,1,3,3,80.0,86.0
111,1,5,1,1,5,5,80.0,86.0
112,1,5,1,1,18,17,80.0,86.0
113,1,5,1,1,32,26,80.0,86.0
114,1,5,1,1,112,33,80.0,86.0
115,1,5,1,1,159,33,80.0,86.0
116,1,4,2,2,135,33,82.0,88.0
117,1,4,2,2,72,33,82.0,88.0
118,1,4,2,1,65,33,80.0,86.0
119,1,4,2,1,20,17,80.0,86.0
120,1,4,2,1,12,10,80.0,86.0
121,1,4,2,1,16,13,80.0,86.0
122,1,4,2,1,32,26,80.0,86.0
123,1,4,2,1,41,33,80.0,86.0
124,1,6,2,1,5,2,76.0,84.0
125,1,6,2,1,26,12,76.0,84.0
126,1,6,2,1,38,10,76.0,84.0
127,1,6,2,1,25,13,76.0,84.0
128,1,6,2,1,79,33,76.0,84.0
129,0,4,1,1,11,10,78.0,82.0
130,0,4,1,1,10,9,78.0,82.0
131,0,4,1,1,19,16,78.0,82.0
132,0,4,1,1,76,33,78.0,82.0
133,0,4,1,1,100,33,78.0,82.0
134,0,4,2,1,6,5,74.0,78.0
135,0,4,2,1,13,11,74.0,78.0
136,0,4,2,1,10,8,74.0,78.0
137,0,4,2,1,56,33,74.0,78.0
138,0,4,2,1,36,31,74.0,78.0
139,0,4,2,1,94,33,74.0,78.0
140,1,6,2,1,13,2,76.0,86.0
141,1,6,2,1,139,33,76.0,86.0
142,1,6,2,1,80,33,76.0,86.0
143,1,6,2,1,86,33,76.0,86.0
144,1,6,2,1,556,33,76.0,86.0
145,1,6,2,1,12,2,76.0,86.0
146,1,6,2,1,74,33,76.0,86.0
147,1,6,2,1,90,33,76.0,86.0
148,1,6,2,1,57,33,76.0,86.0
149,0,4,1,1,18,33,78.0,78.0
150,0,4,1,1,28,33,78.0,78.0
151,0,4,1,1,38,33,78.0,78.0
152,0,6,1,1,9,3,78.0,78.0
153,0,6,1,1,15,5,78.0,78.0
154,0,6,1,1,35,33,78.0,78.0
155,0,6,1,1,45,33,78.0,78.0
156,0,6,1,1,66,33,80.0,80.0
157,0,2,1,33,74,33,80.0,80.0
158,0,2,1,33,13,33,82.0,80.0
159,0,5,4,3,7,5,80.0,70.0
160,0,5,4,3,26,22,80.0,70.0
161,0,5,4,3,13,11,80.0,70.0
162,0,5,4,3,17,15,80.0,70.0
163,0,5,4,3,43,33,80.0,70.0
164,0,5,4,3,78,33,80.0,70.0
165,0,5,4,3,37,33,80.0,70.0
166,0,4,4,3,11,9,82.0,72.0
167,0,4,4,3,17,14,82.0,72.0
168,0,4,4,3,72,33,82.0,72.0
169,0,4,4,2,34,33,84.0,74.0
170,1,6,5,1,10,2,86.0,86.0
171,1,6,5,1,168,33,86.0,86.0
172,1,6,5,1,120,33,86.0,86.0
173,1,6,5,1,117,33,86.0,86.0
174,1,6,6,1,62,33,86.0,84.0
175,1,6,6,1,48,33,86.0,84.0
176,1,6,6,1,26,7,86.0,84.0
177,1,6,6,1,43,33,86.0,84.0
178,1,6,6,1,259,33,86.0,84.0
179,2,5,7,5,13,10,88.0,50.0
180,2,5,7,5,36,32,88.0,50.0
181,2,5,7,5,53,33,88.0,50.0
182,2,5,7,5,155,33,88.0,50.0
183,1,5,6,6,3,3,86.0,82.0
184,1,5,6,6,25,21,86.0,82.0
185,1,5,6,6,30,27,86.0,82.0
186,1,5,6,6,44,33,86.0,82.0
187,1,5,6,6,142,33,86.0,82.0
188,1,4,9,7,3,2,84.0,82.0
189,1,4,9,7,1,1,84.0,82.0
190,1,4,9,7,4,3,84.0,82.0
191,1,4,9,7,11,9,84.0,82.0
192,1,4,9,7,27,33,84.0,82.0
193,1,6,11,5,19,8,80.0,80.0
194,1,6,11,5,25,10,80.0,80.0
195,1,6,11,5,5,1,80.0,80.0
196,1,6,11,5,101,33,80.0,80.0
197,1,6,11,5,71,33,80.0,80.0
198,1,4,11,8,42,33,82.0,80.0
199,0,4,16,14,8,6,78.0,74.0
200,0,4,16,14,10,8,78.0,74.0
201,0,4,16,14,48,33,78.0,74.0
202,0,4,16,14,5,3,78.0,74.0
203,0,4,16,14,23,21,78.0,74.0
204,0,4,16,14,55,33,78.0,74.0
205,0,4,19,19,4,4,80.0,76.0
206,0,4,19,19,12,12,80.0,76.0
207,0,4,19,19,28,26,80.0,76.0
208,0,4,19,19,15,15,80.0,76.0
209,0,4,19,19,59,33,80.0,76.0
210,1,2,19,33,261,33,80.0,78.0
211,1,6,29,7,14,3,78.0,78.0
212,1,6,29,7,38,33,78.0,78.0
213,1,6,29,7,6,1,78.0,78.0
214,1,6,29,7,37,33,78.0,78.0
215,1,6,29,7,89,33,78.0,78.0
216,0,5,31,31,7,7,78.0,74.0
217,0,5,31,31,39,33,78.0,74.0
218,0,5,31,31,135,33,78.0,74.0
219,0,6,32,1,39,2,74.0,72.3404255319149
220,0,6,32,1,111,6,74.0,72.3404255319149
221,0,6,32,1,109,7,74.0,72.3404255319149
222,0,6,32,1,91,5,74.0,72.3404255319149
223,0,6,32,1,63,4,74.0,72.3404255319149
224,0,4,35,33,103,33,70.0,72.09302325581395
225,0,4,35,33,9,8,70.0,72.09302325581395
226,0,4,35,33,99,33,70.0,72.09302325581395
227,0,6,42,33,4,2,68.0,71.7948717948718
228,0,6,42,33,7,3,68.0,71.7948717948718
229,0,6,42,33,156,33,68.0,71.7948717948718
230,0,6,42,33,24,33,68.0,71.7948717948718
231,0,4,38,30,121,33,68.0,73.68421052631578
232,0,5,55,33,15,12,70.0,72.72727272727273
233,0,5,55,33,141,33,70.0,72.72727272727273
234,0,5,55,33,3,3,70.0,72.72727272727273
235,0,5,55,33,83,33,70.0,72.72727272727273
236,0,5,55,33,29,26,70.0,72.72727272727273
237,0,6,54,15,90,33,70.0,72.41379310344827
238,0,6,54,15,65,33,70.0,72.41379310344827
239,0,6,54,15,42,4,70.0,72.41379310344827
240,0,6,54,15,71,33,70.0,72.41379310344827
241,0,4,55,33,27,33,72.0,73.07692307692307
242,0,4,55,2,67,9,72.0,73.07692307692307
243,0,4,55,2,94,33,72.0,73.07692307692307
244,1,6,55,10,337,33,74.0,80.0
245,1,6,73,7,59,4,72.0,80.0
246,1,6,73,7,43,1,72.0,80.0
247,1,6,73,7,34,3,72.0,80.0
248,1,6,73,7,117,33,72.0,80.0
249,1,6,73,7,103,33,72.0,80.0
250,2,5,75,33,2,2,70.0,0.0
251,2,5,75,33,116,33,70.0,0.0
252,1,5,97,33,42,33,72.0,76.0
253,1,5,97,33,31,28,72.0,76.0
254,1,5,97,33,128,33,72.0,76.0
255,1,5,97,6,166,33,72.0,76.0
256,1,5,97,6,235,33,72.0,76.0
257,1,5,97,6,213,33,72.0,76.0
258,1,3,114,33,109,7,72.0,74.0
259,1,3,114,33,112,33,72.0,74.0
260,1,3,114,33,313,33,72.0,74.0
261,1,3,114,33,139,33,72.0,74.0
262,1,3,114,33,113,33,72.0,74.0
263,1,4,120,33,2,1,72.0,72.0
264,1,4,120,33,34,33,72.0,72.0
265,1,6,120,33,42,6,72.0,74.0
266,1,6,120,6,142,33,72.0,74.0
267,1,6,120,6,143,33,72.0,74.0
268,1,6,119,33,65,33,72.0,74.0
269,1,6,133,33,95,33,74.0,76.0
270,1,6,133,33,26,3,74.0,76.0
271,1,6,133,33,64,6,74.0,76.0
272,1,6,133,33,129,33,74.0,76.0
273,0,4,132,33,83,33,76.0,76.0
274,0,6,132,33,7,2,78.0,79.16666666666666
275,1,3,131,1,248,33,80.0,78.0
276,1,3,131,1,389,33,80.0,78.0
277,0,6,127,6,160,33,82.0,82.6086956521739
278,0,5,141,33,95,33,84.0,85.71428571428571
279,0,5,141,33,151,33,84.0,85.71428571428571
280,0,6,146,33,83,33,86.0,88.88888888888889
281,0,6,146,33,14,1,86.0,88.88888888888889
282,0,6,146,33,94,33,86.0,88.88888888888889
283,0,5,141,21,111,2,80.0,86.66666666666667
284,0,5,141,21,258,33,80.0,86.66666666666667
285,0,5,141,21,184,33,80.0,86.66666666666667
286,1,3,138,33,146,33,82.0,78.0
287,1,3,158,33,97,1,78.0,74.0
288,1,3,158,33,188,33,78.0,74.0
289,1,3,158,33,200,33,78.0,74.0
290,1,3,158,33,128,6,78.0,74.0
291,1,3,158,33,207,33,78.0,74.0
292,1,3,189,33,114,4,78.0,70.0
293,1,3,189,33,198,33,78.0,70.0
294,1,3,189,33,177,33,78.0,70.0
295,1,3,189,33,183,33,78.0,70.0
296,1,3,189,33,113,3,78.0,70.0
297,1,3,189,33,177,33,80.0,73.46938775510205
298,1,3,189,33,143,8,80.0,73.46938775510205
299,1,5,189,33,193,33,80.0,73.46938775510205
300,1,3,217,33,178,33,78.0,72.72727272727273
301,1,3,217,33,221,33,78.0,72.72727272727273
302,1,3,217,33,134,4,78.0,72.72727272727273
303,1,3,217,33,222,33,78.0,72.72727272727273
304,1,3,217,33,196,33,78.0,72.72727272727273
305,1,3,310,33,408,33,72.0,67.56756756756756
306,1,3,310,33,280,33,72.0,67.56756756756756
307,1,3,310,33,321,33,72.0,67.56756756756756
308,1,3,310,33,222,33,72.0,67.56756756756756
309,1,3,310,33,254,33,72.0,67.56756756756756
310,1,3,310,8,233,1,72.0,67.56756756756756
311,1,3,310,8,894,33,72.0,67.56756756756756
312,1,3,318,33,236,33,73.46938775510205,67.64705882352942
313,1,3,318,7,279,4,73.46938775510205,67.64705882352942
314,1,3,318,7,933,33,73.46938775510205,67.64705882352942
315,1,6,406,33,116,33,74.46808510638297,68.75
316,1,6,406,33,41,7,74.46808510638297,68.75
317,1,8,446,2,420,1,73.80952380952381,66.66666666666666
318,1,8,446,2,514,4,73.80952380952381,66.66666666666666
319,1,8,446,2,579,8,73.80952380952381,66.66666666666666
320,1,8,446,2,1498,33,73.80952380952381,66.66666666666666
321,1,8,446,2,802,33,73.80952380952381,66.66666666666666
322,0,8,488,33,511,33,70.27027027027027,80.0
323,0,8,488,33,1909,33,70.27027027027027,80.0
324,0,8,488,33,407,6,70.27027027027027,80.0
325,0,8,488,33,906,33,70.27027027027027,80.0
326,0,8,488,33,489,33,70.27027027027027,80.0
327,0,8,490,6,437,5,65.625,60.0
328,0,8,490,6,1054,33,65.625,60.0
329,0,8,490,6,885,33,65.625,60.0
330,0,8,490,6,629,33,65.625,60.0
331,0,8,490,6,1114,33,65.625,60.0
332,1,7,493,7,697,33,67.74193548387096,69.23076923076923
333,1,3,493,33,241,33,70.0,72.0
334,1,3,566,33,120,2,69.23076923076923,71.42857142857143
335,1,3,566,33,149,7,69.23076923076923,71.42857142857143
336,1,3,566,33,184,9,69.23076923076923,71.42857142857143
337,1,3,566,33,435,33,69.23076923076923,71.42857142857143
338,0,3,571,33,311,33,72.0,75.0
339,1,3,583,33,284,8,73.91304347826086,73.68421052631578
340,1,3,583,33,220,33,73.91304347826086,73.68421052631578
341,1,7,521,33,636,8,66.66666666666666,64.28571428571429
342,1,7,521,33,383,2,66.66666666666666,64.28571428571429
343,1,7,521,33,2000,33,66.66666666666666,64.28571428571429
344,1,7,521,33,2000,33,66.66666666666666,64.28571428571429
345,1,7,521,33,2000,33,66.66666666666666,64.28571428571429
346,0,7,517,6,371,33,64.28571428571429,0.0
347,0,7,517,6,2000,33,64.28571428571429,0.0
348,0,7,517,6,2000,33,64.28571428571429,0.0
349,0,7,517,6,2000,33,64.28571428571429,0.0
350,1,6,505,33,107,12,69.23076923076923,69.23076923076923
351,1,3,597,33,170,9,70.0,70.0
352,1,3,597,33,140,5,70.0,70.0
353,1,3,597,33,267,33,70.0,70.0
354,1,3,2000,33,132,8,71.42857142857143,71.42857142857143
355,1,3,2000,33,319,33,71.42857142857143,71.42857142857143
356,1,7,2000,33,2000,33,66.66666666666666,66.66666666666666
357,1,7,2000,33,2000,33,66.66666666666666,66.66666666666666
358,1,7,2000,33,648,33,66.66666666666666,66.66666666666666
359,1,7,2000,33,589,33,66.66666666666666,66.66666666666666
360,1,7,2000,33,319,33,0.0,0.0
361,1,7,2000,33,2000,33,0.0,0.0
362,1,7,2000,33,292,2,0.0,0.0
0,0,4,4,3,1,1,74.0,70.0
1,0,5,12,12,6,6,72.0,66.0
2,1,4,3,2,12,9,78.0,70.0
3,0,5,4,4,16,13,80.0,82.0
4,0,6,7,1,46,33,66.0,64.0
5,1,5,7,6,75,33,62.0,74.0
6,1,5,4,4,3,3,72.0,72.0
7,0,4,6,6,2,2,70.0,74.0
8,0,5,6,6,2,2,72.0,72.0
9,0,6,7,7,2,2,72.0,66.0
10,0,5,12,12,1,1,72.0,66.0
11,1,4,16,13,2,1,62.0,72.0
12,1,5,3,3,6,6,72.0,74.0
13,1,4,3,2,9,7,76.0,74.0
14,0,6,4,2,42,33,82.0,80.0
15,0,6,7,2,132,33,68.0,66.0
16,0,4,3,2,66,33,68.0,72.0
17,0,4,3,2,40,33,68.0,72.0
18,0,4,3,2,101,33,68.0,72.0
19,0,6,2,33,16,33,70.0,72.0
20,0,6,2,33,7,33,70.0,72.0
21,0,5,4,4,12,12,72.0,72.0
22,0,5,4,4,50,33,72.0,72.0
23,0,5,4,4,33,33,72.0,72.0
24,0,5,4,4,77,33,72.0,72.0
25,0,5,4,4,100,33,72.0,72.0
26,0,4,4,3,1,1,74.0,70.0
27,0,4,4,3,14,12,74.0,70.0
28,0,4,4,3,513,33,74.0,70.0
29,0,4,4,3,22,33,74.0,70.0
30,0,4,4,2,18,33,74.0,72.0
31,0,4,4,2,17,13,74.0,72.0
32,0,4,4,2,30,33,74.0,72.0
33,1,8,4,3,16,11,72.0,74.0
34,1,8,4,3,63,33,72.0,74.0
35,1,8,4,3,39,33,72.0,74.0
36,1,8,4,3,72,33,72.0,74.0
37,1,6,4,1,28,5,72.0,72.0
38,1,6,4,1,49,33,72.0,72.0
39,1,6,4,1,34,8,72.0,72.0
40,1,6,4,1,81,33,72.0,72.0
41,1,6,4,1,114,33,72.0,72.0
42,2,5,4,4,12,13,70.0,66.0
43,2,5,4,4,42,33,70.0,66.0
44,2,5,4,4,46,33,70.0,66.0
45,2,5,4,4,64,33,70.0,66.0
46,2,6,4,2,9,5,70.0,64.0
47,2,6,4,2,37,33,70.0,64.0
48,2,6,4,2,57,33,70.0,64.0
49,2,6,4,2,474,33,70.0,64.0
50,1,5,4,4,3,3,72.0,72.0
51,1,5,4,4,7,7,72.0,72.0
52,1,5,4,4,11,11,72.0,72.0
53,1,5,4,4,13,13,72.0,72.0
54,1,5,4,4,25,26,72.0,72.0
55,1,5,4,4,115,33,72.0,72.0
56,1,5,4,4,275,33,72.0,72.0
57,1,4,5,3,24,21,68.0,68.0
58,1,4,5,3,32,29,68.0,68.0
59,1,4,5,3,13,11,68.0,68.0
60,1,4,5,3,53,33,68.0,68.0
61,1,4,5,3,54,33,68.0,68.0
62,1,4,5,3,70,33,68.0,68.0
63,1,4,5,4,22,21,68.0,70.0
64,1,4,5,4,132,33,68.0,70.0
65,1,4,5,4,34,33,68.0,70.0
66,1,6,5,1,106,33,68.0,70.0
67,1,6,5,1,118,33,68.0,70.0
68,1,4,5,5,12,12,66.0,70.0
69,1,4,5,5,44,33,66.0,70.0
70,0,4,5,4,12,11,68.0,72.0
71,0,4,5,4,57,33,68.0,72.0
72,0,4,5,4,16,15,68.0,72.0
73,0,4,5,4,32,31,68.0,72.0
74,0,4,5,4,36,33,68.0,72.0
75,0,4,6,6,2,2,70.0,74.0
76,0,4,6,6,10,10,70.0,74.0
77,0,4,6,6,27,27,70.0,74.0
78,0,4,6,6,66,33,70.0,74.0
79,0,6,6,1,57,33,72.0,76.0
80,0,6,6,1,40,8,72.0,76.0
81,0,6,6,1,103,33,72.0,76.0
82,0,6,6,1,84,33,72.0,76.0
83,0,5,6,6,3,3,72.0,72.0
84,0,5,6,6,2,2,72.0,72.0
85,0,5,6,6,22,19,72.0,72.0
86,0,5,6,6,91,33,72.0,72.0
87,0,5,6,6,163,33,72.0,72.0
88,0,5,6,6,62,33,72.0,72.0
89,0,6,7,33,9,33,72.0,70.0
90,0,6,7,33,12,33,72.0,70.0
91,0,6,7,33,6,33,72.0,70.0
92,0,6,7,33,22,33,72.0,70.0
93,0,6,7,33,46,33,72.0,70.0
94,0,6,7,7,2,2,72.0,66.0
95,0,6,7,7,3,3,72.0,66.0
96,0,6,7,7,5,5,72.0,66.0
97,0,4,9,10,6,7,72.0,64.0
98,0,4,9,10,26,33,72.0,64.0
99,0,4,9,10,52,33,72.0,64.0
100,0,6,10,5,5,3,72.0,64.0
101,0,6,10,5,18,33,72.0,64.0
102,0,6,10,5,44,33,72.0,64.0
103,0,6,9,3,60,33,74.0,64.0
104,0,4,10,9,50,33,76.0,66.0
105,0,6,10,8,3,2,76.0,66.0
106,0,6,10,8,23,33,76.0,66.0
107,0,6,10,8,25,33,76.0,66.0
108,0,6,10,8,133,33,76.0,66.0
109,0,6,10,1,55,33,74.0,64.0
110,0,6,10,1,20,3,74.0,64.0
111,0,6,10,1,47,7,74.0,64.0
112,0,6,10,1,106,33,74.0,64.0
113,0,5,12,12,1,1,72.0,66.0
114,0,5,12,12,6,6,72.0,66.0
115,0,5,12,12,19,19,72.0,66.0
116,0,5,12,12,53,33,72.0,66.0
117,0,5,12,12,50,33,72.0,66.0
118,0,4,17,16,2,2,68.0,64.0
119,0,4,17,16,32,33,68.0,64.0
120,0,4,17,16,3,3,68.0,64.0
121,0,4,17,16,45,33,68.0,64.0
122,0,4,17,16,19,33,68.0,64.0
123,0,4,16,13,37,33,70.0,66.0
124,0,4,16,13,26,33,70.0,66.0
125,1,6,19,4,57,33,66.0,68.0
126,1,6,19,4,71,33,66.0,68.0
127,1,6,19,4,77,33,66.0,68.0
128,1,6,19,4,144,33,66.0,68.0
129,1,6,19,4,118,33,66.0,68.0
130,1,6,19,5,7,2,64.0,70.0
131,1,6,19,5,122,33,64.0,70.0
132,1,6,19,5,81,33,64.0,70.0
133,2,5,21,19,38,33,60.0,64.58333333333334
134,2,5,21,19,116,33,60.0,64.58333333333334
135,2,5,21,19,153,33,60.0,64.58333333333334
136,2,6,22,9,48,33,62.0,63.63636363636363
137,2,6,22,9,28,33,62.0,63.63636363636363
138,2,6,22,9,27,33,62.0,63.63636363636363
139,2,6,22,9,89,33,62.0,63.63636363636363
140,1,5,27,22,4,4,60.0,70.0
141,1,5,27,22,49,33,60.0,70.0
142,1,5,27,22,29,28,60.0,70.0
143,1,5,27,22,12,12,60.0,70.0
144,1,5,27,22,86,33,60.0,70.0
145,1,5,27,22,294,33,60.0,70.0
146,1,6,27,3,54,33,62.0,72.0
147,1,6,27,3,59,33,62.0,72.0
148,1,6,27,3,75,33,62.0,72.0
149,1,4,22,19,3,3,60.0,72.0
150,1,4,22,19,54,33,60.0,72.0
151,1,4,22,19,107,33,60.0,72.0
152,1,4,16,13,2,1,62.0,72.0
153,1,4,16,13,128,33,62.0,72.0
154,1,4,16,13,53,33,62.0,72.0
155,1,6,16,3,82,33,64.0,74.0
156,1,4,16,13,5,3,64.0,74.0
157,1,4,16,13,29,33,64.0,74.0
158,1,4,16,13,53,33,64.0,74.0
159,0,4,15,13,97,33,66.0,68.0
160,0,4,14,12,6,5,66.0,68.0
161,0,4,14,12,59,33,66.0,68.0
162,0,4,14,12,66,33,66.0,68.0
163,0,6,16,7,6,2,66.0,70.0
164,0,6,16,7,67,33,66.0,70.0
165,0,6,16,7,92,33,66.0,70.0
166,0,6,16,7,47,33,66.0,70.0
167,0,6,16,4,70,33,66.0,70.0
168,0,6,17,8,61,33,68.0,72.0
169,0,6,17,8,63,33,68.0,72.0
170,0,2,14,33,135,33,68.0,74.0
171,0,2,14,33,53,33,68.0,74.0
172,0,5,13,12,107,33,70.0,76.0
173,0,5,13,12,103,33,70.0,76.0
174,0,6,12,10,9,3,74.0,80.0
175,0,6,12,10,81,14,74.0,80.0
176,1,5,3,3,5,5,72.0,74.0
177,1,5,3,3,6,6,72.0,74.0
178,1,5,3,3,131,33,72.0,74.0
179,1,5,3,3,75,33,72.0,74.0
180,1,5,3,3,36,33,72.0,74.0
181,1,5,3,3,219,33,72.0,74.0
182,1,4,3,2,5,4,74.0,76.0
183,1,4,3,2,45,33,74.0,76.0
184,1,4,3,2,22,33,74.0,76.0
185,1,4,3,2,37,33,74.0,76.0
186,1,4,3,2,9,7,76.0,74.0
187,1,4,3,2,5,4,76.0,74.0
188,1,4,3,2,10,8,76.0,74.0
189,1,4,3,2,63,33,76.0,74.0
190,1,4,3,2,24,33,76.0,74.0
191,1,6,3,1,70,33,76.0,74.0
192,1,4,3,2,5,3,78.0,70.0
193,1,4,3,2,12,9,78.0,70.0
194,1,4,3,2,19,13,78.0,70.0
195,1,4,3,2,34,33,78.0,70.0
196,0,4,4,2,8,6,80.0,82.0
197,0,4,4,2,97,33,80.0,82.0
198,0,4,4,2,54,33,80.0,82.0
199,0,4,4,2,166,33,80.0,82.0
200,0,4,3,3,39,33,82.0,84.0
201,1,2,3,33,216,33,82.0,70.0
202,1,2,3,33,114,33,82.0,70.0
203,0,6,3,2,95,33,84.0,86.0
204,0,6,3,2,47,33,84.0,86.0
205,0,6,3,1,35,6,84.0,86.0
206,0,6,3,1,83,33,84.0,86.0
207,0,6,3,1,58,33,84.0,86.0
208,0,6,3,1,56,33,84.0,86.0
209,0,5,3,3,14,14,84.0,86.0
210,0,5,3,3,124,33,84.0,86.0
211,0,5,3,3,89,33,84.0,86.0
212,0,5,3,3,87,33,84.0,86.0
213,0,6,3,33,11,33,84.0,86.0
214,0,6,3,33,12,33,84.0,86.0
215,0,6,3,33,23,33,84.0,86.0
216,0,1,3,3,2,2,84.0,84.0
217,0,1,3,3,1,1,84.0,84.0
218,0,1,3,3,9,7,84.0,84.0
219,0,1,3,3,7,33,84.0,84.0
220,0,1,3,3,2,2,84.0,84.0
221,0,4,4,4,2,2,86.0,80.0
222,0,4,4,4,8,6,86.0,80.0
223,0,4,4,4,30,16,86.0,80.0
224,0,4,4,4,34,33,86.0,80.0
225,0,6,4,2,49,33,82.0,80.0
226,0,6,4,2,42,33,82.0,80.0
227,0,6,4,2,12,6,82.0,80.0
228,0,6,4,2,32,33,82.0,80.0
229,0,6,4,2,40,33,82.0,80.0
230,0,4,4,3,39,31,82.0,82.0
231,0,4,4,3,18,14,82.0,82.0
232,0,4,4,3,121,33,82.0,82.0
233,0,4,4,3,76,33,82.0,82.0
234,0,6,4,33,22,33,82.0,82.0
235,0,5,4,4,1,1,80.0,82.0
236,0,5,4,4,46,33,80.0,82.0
237,0,5,4,4,16,13,80.0,82.0
238,0,5,4,4,184,33,80.0,82.0
239,0,5,4,4,48,33,80.0,82.0
240,0,5,4,4,78,33,80.0,82.0
241,0,4,5,3,7,4,72.0,76.0
242,0,4,5,3,3,2,72.0,76.0
243,0,4,5,3,11,8,72.0,76.0
244,0,4,5,3,93,33,72.0,76.0
245,0,4,5,3,46,33,72.0,76.0
246,0,6,5,4,25,12,70.0,74.0
247,0,6,5,4,1,1,70.0,74.0
248,0,6,5,4,68,33,70.0,74.0
249,0,6,5,4,42,33,70.0,74.0
250,0,6,5,4,113,33,70.0,74.0
251,0,6,5,4,573,33,70.0,74.0
252,2,5,6,4,19,16,72.0,62.5
253,2,5,6,4,40,31,72.0,62.5
254,2,5,6,4,68,33,72.0,62.5
255,2,5,6,4,124,33,72.0,62.5
256,2,6,6,3,31,33,74.0,63.1578947368421
257,2,6,6,3,53,33,74.0,63.1578947368421
258,1,5,6,6,5,5,74.0,70.0
259,1,5,6,6,46,33,74.0,70.0
260,1,5,6,6,49,33,74.0,70.0
261,1,5,6,6,55,33,74.0,70.0
262,1,5,6,6,182,33,74.0,70.0
263,1,5,6,6,152,33,74.0,70.0
264,1,4,6,6,3,2,74.0,72.0
265,1,4,6,6,45,33,74.0,72.0
266,1,4,6,6,128,33,74.0,72.0
267,1,4,6,5,10,8,72.0,72.0
268,1,4,6,5,4,3,72.0,72.0
269,1,4,6,5,2,1,72.0,72.0
270,1,4,6,5,26,33,72.0,72.0
271,1,4,6,5,43,33,72.0,72.0
272,1,6,6,1,107,33,72.0,74.0
273,1,6,6,1,89,33,72.0,74.0
274,1,4,6,5,15,11,72.0,74.0
275,1,4,6,5,28,33,72.0,74.0
276,0,4,7,3,83,33,74.0,74.0
277,0,6,7,2,5,1,68.0,66.0
278,0,6,7,2,71,33,68.0,66.0
279,0,6,7,2,25,8,68.0,66.0
280,0,6,7,2,54,33,68.0,66.0
281,0,6,7,2,132,33,68.0,66.0
282,0,6,7,3,43,33,68.0,68.0
283,0,5,7,6,1,1,66.0,66.0
284,0,5,7,6,27,23,66.0,66.0
285,0,5,7,6,36,32,66.0,66.0
286,0,5,7,6,172,33,66.0,66.0
287,0,5,7,6,75,33,66.0,66.0
288,0,6,7,33,4,33,66.0,68.0
289,0,6,7,33,12,33,66.0,68.0
290,0,6,7,33,1,33,66.0,68.0
291,0,1,7,5,1,1,70.0,72.0
292,0,1,7,5,4,4,70.0,72.0
293,0,1,7,5,9,8,70.0,72.0
294,0,4,7,4,5,3,70.0,70.0
295,0,4,7,4,2,1,70.0,70.0
296,0,4,7,4,20,12,70.0,70.0
297,0,4,7,4,36,33,70.0,70.0
298,0,4,7,4,42,33,70.0,70.0
299,0,6,7,1,9,2,66.0,64.0
300,0,6,7,1,46,33,66.0,64.0
301,0,6,7,1,41,8,66.0,64.0
302,0,6,7,1,44,33,66.0,64.0
303,0,6,7,1,22,3,62.0,60.0
304,0,6,7,1,71,33,62.0,60.0
305,0,6,7,1,92,33,62.0,60.0
306,0,6,7,1,61,33,62.0,60.0
307,1,5,7,6,75,33,62.0,74.0
308,1,5,7,6,110,33,62.0,74.0
309,1,5,7,6,78,33,62.0,74.0
310,1,5,7,6,92,33,62.0,74.0
311,0,5,7,5,3,2,57.99999999999999,60.0
312,0,5,7,5,27,20,57.99999999999999,60.0
313,0,5,7,5,32,27,57.99999999999999,60.0
314,0,5,7,5,99,33,57.99999999999999,60.0
315,0,5,7,5,39,32,57.99999999999999,60.0
316,0,5,7,5,223,33,57.99999999999999,60.0
317,0,5,7,5,117,33,57.99999999999999,60.0
318,0,4,7,5,134,33,60.0,62.0
319,0,6,7,2,66,33,62.0,64.0
320,0,6,7,2,119,33,62.0,64.0
321,0,5,7,7,5,5,60.0,62.0
322,0,5,7,7,15,15,60.0,62.0
323,0,5,7,7,16,17,60.0,62.0
324,0,5,7,7,51,33,60.0,62.0
325,0,5,7,7,98,33,60.0,62.0
326,0,5,7,7,77,33,60.0,62.0
327,0,6,7,33,6,33,64.0,66.0
328,0,6,7,33,14,33,64.0,66.0
329,0,6,7,33,18,33,64.0,66.0
330,0,1,7,7,5,5,62.0,68.0
331,0,1,7,7,1,1,62.0,68.0
332,0,1,7,7,4,4,62.0,68.0
333,0,1,7,7,6,6,62.0,68.0
334,0,4,6,6,28,33,62.0,70.0
335,0,4,6,6,49,33,62.0,70.0
336,0,6,6,2,31,33,62.0,70.0
337,0,4,6,5,4,3,62.0,70.0
338,0,4,6,5,13,11,62.0,70.0
339,0,4,6,5,3,2,62.0,70.0
340,0,4,6,5,33,33,62.0,70.0
341,0,4,6,5,71,33,62.0,70.0
342,0,6,6,2,7,3,62.0,68.0
343,0,6,6,2,55,33,62.0,68.0
344,0,6,6,2,20,33,62.0,68.0
345,0,6,6,2,46,33,62.0,68.0
346,0,6,6,33,24,33,64.0,70.0
347,0,6,6,33,20,33,64.0,70.0
348,0,5,6,6,21,20,66.0,72.0
349,0,5,6,6,80,33,66.0,72.0
350,0,5,6,6,45,33,66.0,72.0
351,0,5,6,6,41,33,66.0,72.0
352,0,4,6,7,58,33,68.0,72.0
353,0,4,7,3,8,6,66.0,74.0
354,0,4,7,3,17,13,66.0,74.0
355,0,4,7,3,62,33,66.0,74.0
356,1,6,5,2,16,4,66.0,76.0
357,1,6,5,2,58,33,66.0,76.0
358,1,6,5,2,67,33,66.0,76.0
359,1,6,5,2,38,33,66.0,76.0
360,2,5,5,6,124,33,68.0,64.86486486486487
361,2,6,5,2,33,33,68.0,64.70588235294117
362,2,6,5,2,76,33,68.0,64.70588235294117
363,2,6,5,2,66,33,68.0,64.70588235294117
364,2,6,5,1,170,33,70.0,66.66666666666666
365,1,5,5,5,1,1,68.0,76.0
366,1,5,5,5,12,9,68.0,76.0
367,1,5,5,5,35,30,68.0,76.0
368,1,5,5,5,148,33,68.0,76.0
369,1,5,5,5,56,33,68.0,76.0
370,1,6,5,1,75,33,64.0,76.0
371,1,6,5,1,84,33,64.0,76.0
372,1,6,5,1,92,33,64.0,76.0
373,1,6,5,1,80,33,64.0,76.0
374,1,4,5,4,33,33,66.0,78.0
375,1,4,4,3,9,8,68.0,76.0
376,1,4,4,3,52,33,68.0,76.0
377,1,4,4,3,144,33,68.0,76.0
378,1,6,3,1,47,33,70.0,78.0
379,1,6,3,1,80,33,70.0,78.0
380,1,6,3,2,81,33,72.0,78.0
381,1,4,3,3,18,13,72.0,78.0
382,1,4,3,3,33,33,72.0,78.0
383,1,6,3,1,60,33,72.0,78.0
384,1,6,3,1,104,33,72.0,78.0
385,0,4,3,2,155,33,72.0,76.0
386,0,4,3,3,55,33,74.0,76.0
387,0,4,3,3,50,33,74.0,76.0
388,0,6,3,2,72,33,74.0,74.0
389,0,6,3,2,64,33,74.0,74.0
390,0,6,3,2,26,5,74.0,74.0
391,0,6,3,2,145,33,74.0,74.0
392,0,6,3,2,133,33,74.0,74.0
393,0,2,3,33,2000,33,74.0,74.0
394,0,2,3,33,552,33,74.0,74.0
395,0,5,4,4,17,16,76.0,74.0
396,0,5,4,4,155,33,76.0,74.0
397,0,5,4,4,36,33,76.0,74.0
398,0,5,4,4,67,33,76.0,74.0
399,0,1,5,3,1,1,78.0,68.0
400,0,1,5,3,3,2,78.0,68.0
401,0,1,5,3,10,8,78.0,68.0
402,0,1,5,3,7,5,78.0,68.0
403,0,1,5,3,1,1,78.0,68.0
404,0,4,5,4,18,33,78.0,68.0
405,0,4,5,4,19,15,78.0,68.0
406,0,4,5,4,44,33,78.0,68.0
407,0,6,5,2,93,33,76.0,68.0
408,0,6,5,2,26,8,76.0,68.0
409,0,6,5,2,174,33,76.0,68.0
410,0,6,5,2,47,33,76.0,68.0
411,0,4,5,4,3,2,78.0,68.0
412,0,4,5,4,14,11,78.0,68.0
413,0,4,5,4,33,33,78.0,68.0
414,0,4,5,4,23,33,78.0,68.0
415,0,6,5,2,61,33,78.0,68.0
416,0,6,5,2,26,33,78.0,68.0
417,0,6,5,33,9,33,76.0,66.0
418,0,6,5,33,10,33,76.0,66.0
419,0,5,4,4,34,33,76.0,68.0
420,0,5,4,4,131,33,76.0,68.0
421,0,5,4,4,119,33,76.0,68.0
422,0,4,4,3,55,33,78.0,70.0
423,0,4,3,2,27,33,78.0,72.0
424,0,4,3,2,68,33,78.0,72.0
425,0,4,3,2,116,33,78.0,72.0
426,0,6,3,1,72,33,74.0,70.0
427,0,6,3,1,32,10,74.0,70.0
428,0,6,3,1,20,7,74.0,70.0
429,0,6,3,1,42,15,74.0,70.0
430,0,6,3,1,64,33,74.0,70.0
431,2,5,3,4,138,33,72.0,66.66666666666666
432,2,5,3,4,68,33,72.0,66.66666666666666
433,2,5,3,4,748,33,72.0,66.66666666666666
434,2,6,3,2,34,33,74.0,68.96551724137932
435,1,5,3,2,8,7,72.0,78.0
436,1,5,3,2,38,33,72.0,78.0
437,1,5,3,2,29,26,72.0,78.0
438,1,5,3,2,60,33,72.0,78.0
439,1,5,3,2,102,33,72.0,78.0
440,1,4,3,2,2,1,72.0,78.0
441,1,4,3,2,5,4,72.0,78.0
442,1,4,3,2,10,9,72.0,78.0
443,1,4,3,2,19,33,72.0,78.0
444,1,4,3,2,103,33,72.0,78.0
445,1,4,3,2,7,5,68.0,74.0
446,1,4,3,2,43,33,68.0,74.0
447,1,4,3,2,9,7,68.0,74.0
448,1,4,3,2,45,33,68.0,74.0
449,1,4,3,2,90,33,68.0,74.0
450,1,6,3,1,34,6,68.0,70.0
451,1,6,3,1,22,4,68.0,70.0
452,1,6,3,1,62,33,68.0,70.0
453,1,6,3,1,118,33,68.0,70.0
454,1,4,4,3,36,33,70.0,68.0
455,1,4,4,3,34,33,70.0,68.0
456,1,4,4,3,61,33,70.0,68.0
457,1,4,4,3,28,33,70.0,68.0
458,1,2,4,33,33,33,70.0,70.0
459,1,2,4,33,1,33,70.0,70.0
460,0,4,5,4,17,14,70.0,66.0
461,0,4,5,4,19,16,70.0,66.0
462,0,4,5,4,36,29,70.0,66.0
463,0,4,5,4,20,17,70.0,66.0
464,0,4,5,4,35,28,70.0,66.0
465,0,4,5,4,52,33,70.0,66.0
466,0,4,5,4,85,33,72.0,68.0
467,0,6,5,2,9,6,70.0,70.0
468,0,6,5,2,60,33,70.0,70.0
469,0,6,5,2,51,33,70.0,70.0
470,0,6,5,2,140,33,70.0,70.0
471,0,6,4,3,81,33,72.0,68.0
472,0,6,4,3,39,33,72.0,68.0
473,0,2,5,33,139,33,72.0,68.0
474,0,2,5,33,14,33,72.0,68.0
475,0,5,4,4,58,33,72.0,68.0
476,0,5,4,4,62,33,72.0,68.0
477,0,5,4,4,73,33,72.0,68.0
478,0,1,3,3,9,8,76.0,70.0
479,0,1,3,3,5,5,76.0,70.0
480,0,1,3,3,2,2,76.0,70.0
481,0,4,4,4,43,33,78.0,70.0
482,0,6,5,1,15,8,80.0,72.0
483,0,6,5,1,74,33,80.0,72.0
484,0,6,5,1,48,33,80.0,72.0
485,0,4,4,3,23,16,80.0,74.0
486,0,4,4,3,48,33,80.0,74.0
487,0,6,4,2,19,8,78.0,74.0
488,0,6,4,2,39,33,78.0,74.0
489,0,6,4,2,26,33,78.0,74.0
490,0,6,4,2,47,33,78.0,74.0
491,0,6,4,1,40,6,80.0,72.0
492,0,6,4,1,76,33,80.0,72.0
493,0,6,4,33,51,33,78.0,70.0
494,0,6,4,33,16,33,78.0,70.0
495,0,5,6,4,61,33,78.0,72.0
496,0,5,6,4,168,33,78.0,72.0
497,0,4,7,4,87,33,78.0,72.0
498,0,4,8,4,3,2,78.0,70.0
499,0,4,8,4,143,33,78.0,70.0
500,0,4,8,4,32,33,78.0,70.0
501,0,4,8,4,24,16,78.0,70.0
502,0,4,8,4,29,33,78.0,70.0
503,0,6,8,5,45,15,72.0,62.0
504,0,6,8,5,9,2,72.0,62.0
505,0,6,8,5,50,33,72.0,62.0
506,0,6,8,5,106,33,72.0,62.0
507,0,6,8,5,75,33,72.0,62.0
508,2,5,12,10,7,6,72.0,68.0
509,2,5,12,10,216,33,72.0,68.0
510,2,5,12,10,64,33,72.0,68.0
511,2,5,12,10,98,33,72.0,68.0
512,2,6,12,4,5,1,72.0,65.0
513,2,6,12,4,30,33,72.0,65.0
514,2,6,12,4,19,7,72.0,65.0
515,2,6,12,4,56,33,72.0,65.0
516,2,6,12,4,33,33,72.0,65.0
517,2,6,10,2,28,4,74.0,64.70588235294117
518,2,6,10,2,94,33,74.0,64.70588235294117
519,2,6,10,2,62,33,74.0,64.70588235294117
520,1,5,10,9,37,33,76.0,72.0
521,1,4,17,16,2,2,68.0,70.0
522,1,4,17,16,24,33,68.0,70.0
523,1,4,17,16,6,5,68.0,70.0
524,1,4,17,16,29,33,68.0,70.0
525,1,4,17,16,36,33,68.0,70.0
526,1,4,17,16,63,33,68.0,70.0
527,1,4,19,33,27,33,66.0,68.0
528,1,4,19,33,14,11,66.0,68.0
529,1,4,19,33,7,7,66.0,68.0
530,1,4,19,33,35,33,66.0,68.0
531,1,6,20,3,158,33,64.0,60.0
532,1,6,20,3,18,2,64.0,60.0
533,1,6,20,3,48,7,64.0,60.0
534,1,6,20,3,71,33,64.0,60.0
535,1,6,21,8,94,33,66.0,62.0
536,1,6,21,8,57,33,66.0,62.0
537,1,4,20,14,7,4,66.0,62.0
538,1,4,20,14,39,33,66.0,62.0
539,1,4,20,14,75,33,66.0,62.0
540,0,4,20,16,16,12,66.0,62.0
541,0,4,20,16,3,1,66.0,62.0
542,0,4,20,16,23,18,66.0,62.0
543,0,4,20,16,64,33,66.0,62.0
544,0,4,20,18,16,15,68.0,64.0
545,0,4,20,18,83,33,68.0,64.0
546,0,6,18,5,54,33,68.0,64.0
547,0,6,18,33,8,2,70.0,64.0
548,0,6,21,4,22,3,68.0,57.99999999999999
549,0,6,21,4,14,2,68.0,57.99999999999999
550,0,6,21,4,68,33,68.0,57.99999999999999
551,0,6,21,4,109,33,68.0,57.99999999999999
552,0,2,22,33,143,33,68.0,57.99999999999999
553,0,2,22,33,58,33,68.0,57.99999999999999
554,0,5,24,24,9,9,68.0,57.99999999999999
555,0,5,24,24,108,33,68.0,57.99999999999999
556,0,5,24,24,57,33,68.0,57.99999999999999
557,0,6,20,4,23,6,66.0,57.99999999999999
558,0,6,20,4,132,33,66.0,57.99999999999999
559,0,6,20,4,53,33,66.0,57.99999999999999
560,0,4,21,33,13,9,68.0,60.0
561,0,4,21,33,11,8,68.0,60.0
562,0,4,21,33,26,33,68.0,60.0
563,0,6,24,33,13,5,64.0,60.0
564,0,6,24,33,25,33,64.0,60.0
565,0,6,24,33,10,4,64.0,60.0
566,0,6,27,5,3,1,60.0,56.00000000000001
567,0,6,27,5,9,3,60.0,56.00000000000001
568,0,6,27,5,53,33,60.0,56.00000000000001
569,0,6,27,5,144,33,60.0,56.00000000000001
570,0,6,27,5,102,33,60.0,56.00000000000001
571,0,5,28,27,64,33,62.0,54.0
572,0,5,28,27,153,33,62.0,54.0
573,0,4,27,33,102,33,64.0,56.00000000000001
574,0,4,25,33,70,33,64.0,57.99999999999999
575,0,6,27,7,17,2,60.0,56.00000000000001
576,0,6,27,7,24,4,60.0,56.00000000000001
577,0,6,27,7,63,33,60.0,56.00000000000001
578,0,6,27,7,67,33,60.0,56.00000000000001
579,1,6,27,4,82,33,60.0,64.0
580,2,5,28,24,9,10,60.0,64.28571428571429
581,2,5,28,24,70,33,60.0,64.28571428571429
582,2,5,28,24,59,33,60.0,64.28571428571429
583,2,6,38,33,192,33,57.99999999999999,55.55555555555556
584,2,6,38,33,3,1,57.99999999999999,55.55555555555556
585,2,6,38,33,42,33,57.99999999999999,55.55555555555556
586,2,6,38,33,114,33,57.99999999999999,55.55555555555556
587,2,6,38,33,24,7,57.99999999999999,55.55555555555556
588,1,5,41,33,15,13,60.0,66.0
589,1,5,41,33,90,33,60.0,66.0
590,1,5,41,33,84,33,60.0,66.0
591,1,6,48,8,15,1,57.99999999999999,62.0
592,1,6,48,8,28,5,57.99999999999999,62.0
593,1,6,48,8,18,2,57.99999999999999,62.0
594,1,6,48,8,58,33,57.99999999999999,62.0
595,1,6,48,8,84,33,57.99999999999999,62.0
596,1,4,44,33,2,3,57.99999999999999,62.0
597,1,4,44,33,35,33,57.99999999999999,62.0
598,1,6,49,8,15,3,56.00000000000001,57.99999999999999
599,1,6,49,8,13,1,56.00000000000001,57.99999999999999
600,1,6,49,8,65,33,56.00000000000001,57.99999999999999
601,1,6,49,8,64,33,56.00000000000001,57.99999999999999
602,1,6,51,33,76,33,56.00000000000001,54.0
603,1,6,51,33,35,15,56.00000000000001,54.0
604,1,6,51,33,113,33,56.00000000000001,54.0
605,1,4,54,33,67,33,56.00000000000001,54.0
606,1,4,54,33,157,33,56.00000000000001,54.0
607,0,4,52,33,36,31,56.00000000000001,56.00000000000001
608,0,4,52,33,370,33,56.00000000000001,56.00000000000001
609,0,4,58,33,5,4,57.99999999999999,52.0
610,0,4,58,33,19,16,57.99999999999999,52.0
611,0,4,58,33,26,23,57.99999999999999,52.0
612,0,4,58,33,79,33,57.99999999999999,52.0
613,0,2,58,33,7,33,60.0,54.0
614,0,2,58,33,50,33,60.0,54.0
615,0,6,56,33,8,2,62.0,54.0
616,0,6,56,33,693,33,62.0,54.0
617,0,6,70,33,18,5,62.0,52.0
618,0,6,70,33,15,3,62.0,52.0
619,0,6,70,33,41,33,62.0,52.0
620,0,6,85,33,93,33,57.99999999999999,50.0
621,0,6,85,33,121,33,57.99999999999999,50.0
622,0,6,85,33,13,2,57.99999999999999,50.0
623,0,6,85,33,103,33,57.99999999999999,50.0
624,0,5,83,33,2,2,60.0,52.0
625,0,6,83,33,5,1,60.0,52.0
626,0,6,83,33,617,33,60.0,52.0
627,0,6,78,7,113,33,62.0,52.0
628,0,6,78,33,26,6,64.0,52.0
629,0,6,79,33,43,8,64.0,52.0
630,0,5,82,33,29,29,62.0,50.0
631,0,5,82,2,136,29,62.0,50.0
632,0,5,82,2,209,33,62.0,50.0
633,0,5,82,2,148,33,62.0,50.0
634,0,4,85,33,38,33,60.0,50.0
635,0,4,85,33,70,10,60.0,50.0
636,0,4,85,33,72,7,60.0,50.0
637,0,6,96,33,8,3,57.99999999999999,48.0
638,0,6,96,33,73,33,57.99999999999999,48.0
639,0,6,96,33,14,5,57.99999999999999,48.0
640,0,6,96,33,136,33,57.99999999999999,48.0
641,1,6,98,33,21,2,57.99999999999999,56.00000000000001
642,1,6,123,33,21,2,56.00000000000001,56.00000000000001
643,1,6,123,33,41,6,56.00000000000001,56.00000000000001
644,1,6,123,33,27,4,56.00000000000001,56.00000000000001
645,1,6,123,33,926,33,56.00000000000001,56.00000000000001
646,1,3,74,3,363,33,56.00000000000001,54.0
647,1,3,74,3,327,33,56.00000000000001,54.0
648,2,5,74,33,105,33,56.00000000000001,57.14285714285714
649,2,5,74,33,53,33,56.00000000000001,57.14285714285714
650,2,6,76,33,59,33,54.0,50.0
651,2,6,76,33,41,13,54.0,50.0
652,2,6,76,33,58,33,54.0,50.0
653,2,6,81,33,27,8,54.0,50.0
654,2,6,81,33,93,33,54.0,50.0
655,2,6,84,33,28,8,54.0,0.0
656,2,6,84,33,404,33,54.0,0.0
657,1,5,89,2,166,33,54.0,54.0
658,1,5,89,2,142,33,54.0,54.0
659,1,3,105,5,131,33,48.0,50.0
660,1,3,105,5,90,2,48.0,50.0
661,1,3,105,5,152,33,48.0,50.0
662,1,3,105,5,189,33,48.0,50.0
663,1,3,105,5,143,33,48.0,50.0
664,1,3,110,8,134,33,48.0,50.0
665,1,3,110,8,148,33,48.0,50.0
666,1,3,110,8,338,33,48.0,50.0
667,1,3,110,8,142,33,48.0,50.0
668,1,6,119,33,26,5,50.0,50.0
669,1,6,119,33,43,33,50.0,50.0
670,1,3,122,33,102,6,52.0,52.0
671,1,6,119,8,244,33,54.0,52.0
672,0,4,129,33,30,26,50.0,46.0
673,0,4,129,33,69,33,50.0,46.0
674,0,4,129,33,120,24,50.0,46.0
675,0,4,129,33,70,1,50.0,46.0
676,0,3,136,33,36,2,50.0,43.75
677,0,3,136,33,51,6,50.0,43.75
678,0,3,136,33,170,33,50.0,43.75
679,0,4,136,17,179,33,50.0,44.680851063829785
680,0,6,136,33,104,33,50.0,45.65217391304348
681,0,6,138,33,21,7,44.0,42.857142857142854
682,0,6,138,7,100,2,44.0,42.857142857142854
683,0,6,138,7,226,33,44.0,42.857142857142854
684,0,6,138,7,163,33,44.0,42.857142857142854
685,0,6,137,33,16,7,46.0,43.90243902439025
686,0,6,135,2,183,5,42.0,42.10526315789473
687,0,6,135,2,400,33,42.0,42.10526315789473
688,0,6,135,2,2000,33,42.0,42.10526315789473
689,0,5,137,20,198,33,44.0,43.24324324324324
690,0,6,134,33,107,4,46.0,44.44444444444444
691,0,6,135,33,11,5,46.0,45.714285714285715
692,0,6,136,33,207,33,48.0,43.75
693,0,6,136,33,184,33,48.0,43.75
694,0,6,136,33,338,33,48.0,43.75
695,0,3,143,33,84,4,48.0,45.16129032258064
696,0,3,149,33,31,1,48.0,42.857142857142854
697,0,3,149,33,96,8,48.0,42.857142857142854
698,0,3,149,33,201,33,48.0,42.857142857142854
699,0,3,149,33,72,2,48.0,44.44444444444444
700,0,3,150,8,545,33,50.0,46.15384615384615
701,0,3,150,33,137,7,50.0,45.83333333333333
702,0,3,150,33,423,33,50.0,45.83333333333333
703,0,3,157,33,136,7,46.0,42.857142857142854
704,0,3,157,33,211,33,46.0,42.857142857142854
705,0,3,157,33,81,1,46.0,42.857142857142854
706,0,5,157,33,144,25,48.0,42.10526315789473
707,0,5,157,33,241,33,48.0,42.10526315789473
708,0,4,157,33,103,11,48.0,44.44444444444444
709,1,6,159,33,100,33,50.0,54.0
710,1,6,161,33,113,33,50.0,55.10204081632652
711,1,6,285,33,7,1,50.0,52.27272727272727
712,1,6,285,33,83,33,50.0,52.27272727272727
713,1,6,285,33,32,11,50.0,52.27272727272727
714,1,6,285,33,19,5,50.0,52.27272727272727
715,1,6,285,33,51,33,50.0,52.27272727272727
716,1,6,285,33,48,33,52.0,53.48837209302325
717,1,3,665,33,89,4,46.0,47.368421052631575
718,1,3,665,33,56,1,46.0,47.368421052631575
719,1,3,665,33,133,33,46.0,47.368421052631575
720,1,3,665,33,419,33,46.0,47.368421052631575
721,1,3,665,33,87,3,46.0,47.368421052631575
722,1,3,665,33,137,5,48.0,48.64864864864865
723,1,3,675,33,367,33,48.0,50.0
724,1,6,716,33,366,33,48.0,48.484848484848484
725,1,6,716,33,208,6,48.0,48.484848484848484
726,1,6,716,33,425,33,48.0,48.484848484848484
727,1,3,774,33,105,4,46.93877551020408,48.38709677419355
728,1,3,774,33,167,33,46.93877551020408,48.38709677419355
729,1,6,765,33,66,33,47.91666666666667,50.0
730,1,3,827,33,81,2,48.93617021276596,51.724137931034484
731,1,6,822,33,227,33,50.0,53.57142857142857
732,1,3,818,33,87,2,51.11111111111111,55.55555555555556
733,0,6,809,33,169,6,52.27272727272727,47.05882352941176
734,0,6,808,33,96,3,52.38095238095239,46.666666666666664
735,0,6,808,33,2000,33,52.38095238095239,46.666666666666664
736,1,7,694,5,1121,33,53.65853658536586,57.692307692307686
737,1,7,708,33,1474,33,55.00000000000001,60.0
738,1,7,766,33,896,33,54.054054054054056,59.09090909090909
739,1,7,766,33,926,33,54.054054054054056,59.09090909090909
740,1,7,766,33,467,4,54.054054054054056,59.09090909090909
741,1,7,750,33,649,6,51.515151515151516,55.55555555555556
742,1,7,750,33,901,33,51.515151515151516,55.55555555555556
743,1,7,750,33,908,33,51.515151515151516,55.55555555555556
744,1,7,750,33,421,5,51.515151515151516,55.55555555555556
745,0,7,759,33,2000,33,51.61290322580645,46.15384615384615
746,0,7,759,33,571,8,51.61290322580645,46.15384615384615
747,0,7,745,33,345,1,51.724137931034484,45.45454545454545
748,0,7,745,33,638,33,51.724137931034484,45.45454545454545
749,0,6,837,33,207,4,50.0,37.5
750,0,6,837,33,291,6,50.0,37.5
751,0,6,837,33,365,33,50.0,37.5
752,0,7,810,33,1346,33,52.0,42.857142857142854
753,1,3,800,33,254,33,54.166666666666664,58.82352941176471
754,1,6,798,33,49,33,56.52173913043478,62.5
755,1,7,814,33,345,4,55.00000000000001,61.53846153846154
756,1,7,814,33,318,5,55.00000000000001,61.53846153846154
757,1,7,814,33,686,33,55.00000000000001,61.53846153846154
758,1,7,827,33,373,3,55.55555555555556,63.63636363636363
759,1,7,827,33,1515,33,55.55555555555556,63.63636363636363
760,1,7,842,33,378,3,56.25,66.66666666666666
761,1,7,842,33,1167,33,56.25,66.66666666666666
762,1,7,1165,33,327,1,45.45454545454545,50.0
763,1,7,1165,33,893,33,45.45454545454545,50.0
764,1,7,1165,33,625,8,45.45454545454545,50.0
765,1,7,1165,33,521,4,45.45454545454545,50.0
766,1,7,1165,33,1830,33,45.45454545454545,50.0
767,0,7,1298,33,529,5,37.5,25.0
768,0,7,1298,33,453,2,37.5,25.0
769,0,7,1298,33,2000,33,37.5,25.0
770,0,7,1398,33,641,33,42.857142857142854,33.33333333333333
771,0,7,1409,33,519,5,40.0,0.0
772,0,7,1409,33,2000,33,40.0,0.0
773,1,7,1537,33,340,1,33.33333333333333,50.0
774,1,7,1537,33,1840,33,33.33333333333333,50.0
775,1,7,2000,33,885,33,0.0,0.0
776,1,7,2000,33,1551,33,0.0,0.0
777,0,6,2000,33,227,4,0.0,0.0
0,0,4,4,4,1,1,72.0,76.0
1,0,5,1,1,4,4,78.0,82.0
2,0,2,1,33,4,33,82.0,88.0
3,0,6,1,1,4,4,86.0,92.0
4,0,6,1,1,4,4,86.0,92.0
5,2,5,2,2,8,8,82.0,94.0
6,2,5,3,1,13,10,76.0,94.0
7,1,4,1,1,22,33,86.0,78.0
8,1,8,2,1,3,2,66.0,76.0
9,2,5,2,2,3,3,66.0,92.0
10,0,6,1,1,2,2,86.0,92.0
11,0,4,2,2,1,1,78.0,86.0
12,2,5,2,2,1,1,82.0,94.0
13,1,5,3,3,1,1,80.0,78.0
14,1,4,1,1,9,7,78.0,82.0
15,0,4,2,2,17,16,78.0,86.0
16,0,1,1,1,3,3,86.0,82.0
17,0,5,1,1,4,4,84.0,84.0
18,0,6,1,1,5,4,86.0,90.0
19,0,5,1,1,7,6,86.0,86.0
20,0,6,1,33,7,33,86.0,84.0
21,0,1,1,1,7,5,90.0,88.0
22,1,5,1,1,5,5,80.0,76.0
23,0,1,1,1,5,3,86.0,80.0
24,0,1,1,1,5,3,86.0,80.0
25,0,4,3,2,5,4,76.0,78.0
26,1,4,2,2,17,16,78.0,88.0
27,0,4,4,4,1,1,72.0,76.0
28,0,4,4,4,7,7,72.0,76.0
29,0,4,4,4,65,33,72.0,76.0
30,0,4,4,4,61,33,72.0,76.0
31,0,4,4,4,30,28,72.0,76.0
32,0,4,4,4,43,33,72.0,76.0
33,0,2,4,33,770,33,72.0,76.0
34,0,5,2,2,28,28,70.0,78.0
35,0,5,2,2,109,33,70.0,78.0
36,0,5,2,2,138,33,70.0,78.0
37,1,8,2,1,3,2,66.0,76.0
38,1,8,2,1,16,11,66.0,76.0
39,1,8,2,1,11,8,66.0,76.0
40,1,8,2,1,70,33,66.0,76.0
41,1,8,2,1,161,33,66.0,76.0
42,1,8,2,1,2000,33,66.0,76.0
43,2,5,2,2,3,3,66.0,92.0
44,2,5,2,2,25,25,66.0,92.0
45,2,5,2,2,9,9,66.0,92.0
46,2,5,2,2,15,15,66.0,92.0
47,2,5,2,2,47,33,66.0,92.0
48,2,5,2,2,277,33,66.0,92.0
49,2,5,2,2,123,33,66.0,92.0
50,1,5,1,1,7,7,66.0,76.0
51,1,5,1,1,27,23,66.0,76.0
52,1,5,1,1,30,30,66.0,76.0
53,1,5,1,1,63,33,66.0,76.0
54,1,5,1,1,142,33,66.0,76.0
55,1,6,1,1,44,33,68.0,78.0
56,1,6,1,1,27,6,68.0,78.0
57,1,6,1,1,85,33,68.0,78.0
58,1,4,1,1,32,29,70.0,80.0
59,1,4,1,1,83,33,70.0,80.0
60,1,4,1,1,10,8,72.0,82.0
61,1,4,1,1,11,11,72.0,82.0
62,1,4,1,1,24,33,72.0,82.0
63,1,4,1,1,41,33,72.0,82.0
64,0,4,1,1,123,33,74.0,80.0
65,0,4,1,1,69,33,74.0,80.0
66,0,5,1,1,4,4,78.0,82.0
67,0,5,1,1,12,12,78.0,82.0
68,0,5,1,1,19,20,78.0,82.0
69,0,5,1,1,32,30,78.0,82.0
70,0,5,1,1,43,33,78.0,82.0
71,0,5,1,1,187,33,78.0,82.0
72,0,6,1,33,12,33,78.0,84.0
73,0,6,1,33,31,33,78.0,84.0
74,0,6,1,33,58,33,78.0,84.0
75,0,2,1,33,4,33,82.0,88.0
76,0,2,1,33,18,33,82.0,88.0
77,0,6,1,1,4,4,86.0,92.0
78,0,6,1,1,2,2,86.0,92.0
79,0,6,1,1,4,4,86.0,92.0
80,0,6,1,1,9,9,86.0,92.0
81,0,6,1,1,8,8,86.0,92.0
82,0,4,1,1,17,33,84.0,90.0
83,0,4,1,1,5,5,84.0,90.0
84,0,4,1,1,7,6,84.0,90.0
85,0,4,1,1,23,33,84.0,90.0
86,0,4,1,1,31,33,84.0,90.0
87,0,2,1,33,25,33,82.0,90.0
88,0,5,2,2,3,3,78.0,90.0
89,0,5,2,2,47,33,78.0,90.0
90,0,5,2,2,9,9,78.0,90.0
91,0,5,2,2,105,33,78.0,90.0
92,0,5,2,2,38,32,78.0,90.0
93,0,5,2,2,76,33,78.0,90.0
94,0,5,2,2,84,33,78.0,90.0
95,0,4,2,2,1,1,78.0,86.0
96,0,4,2,2,17,16,78.0,86.0
97,0,4,2,2,9,9,78.0,86.0
98,0,4,2,2,211,33,78.0,86.0
99,0,4,2,2,23,33,78.0,86.0
100,2,5,2,2,1,1,82.0,94.0
101,2,5,2,2,8,8,82.0,94.0
102,2,5,2,2,7,7,82.0,94.0
103,2,5,2,2,18,17,82.0,94.0
104,2,5,2,2,88,33,82.0,94.0
105,2,5,2,2,70,33,82.0,94.0
106,2,5,2,2,68,33,82.0,94.0
107,1,5,3,3,4,4,80.0,78.0
108,1,5,3,3,1,1,80.0,78.0
109,1,5,3,3,11,11,80.0,78.0
110,1,5,3,3,94,33,80.0,78.0
111,1,5,3,3,34,29,80.0,78.0
112,1,5,3,3,83,33,80.0,78.0
113,1,5,3,3,114,33,80.0,78.0
114,1,4,1,1,7,7,82.0,76.0
115,1,4,1,1,13,13,82.0,76.0
116,1,4,1,1,33,26,82.0,76.0
117,1,4,1,1,61,33,82.0,76.0
118,1,6,1,1,70,33,84.0,78.0
119,1,6,1,1,87,33,84.0,78.0
120,1,4,1,1,21,16,86.0,80.0
121,1,4,1,1,198,33,86.0,80.0
122,0,6,1,1,7,3,86.0,86.0
123,0,6,1,1,11,5,86.0,86.0
124,0,6,1,1,39,33,86.0,86.0
125,0,6,1,1,130,33,86.0,86.0
126,0,5,5,4,4,3,84.0,86.0
127,0,5,5,4,35,33,84.0,86.0
128,0,5,5,4,6,5,84.0,86.0
129,0,5,5,4,24,22,84.0,86.0
130,0,5,5,4,28,27,84.0,86.0
131,0,5,5,4,191,33,84.0,86.0
132,0,5,5,4,75,33,84.0,86.0
133,0,6,5,1,33,33,84.0,84.0
134,0,6,5,1,7,3,84.0,84.0
135,0,6,5,1,18,7,84.0,84.0
136,0,6,5,1,64,33,84.0,84.0
137,0,6,5,1,65,33,84.0,84.0
138,0,1,8,7,4,3,82.0,80.0
139,0,1,8,7,9,8,82.0,80.0
140,0,1,8,7,3,2,82.0,80.0
141,0,1,8,7,5,4,82.0,80.0
142,0,1,8,7,7,6,82.0,80.0
143,0,4,7,6,18,33,82.0,82.0
144,0,4,7,6,5,5,82.0,82.0
145,0,4,7,6,23,33,82.0,82.0
146,0,4,7,6,19,33,82.0,82.0
147,0,4,7,6,34,33,82.0,82.0
148,0,6,7,4,6,3,78.0,82.0
149,0,6,7,4,4,2,78.0,82.0
150,0,6,7,4,18,33,78.0,82.0
151,0,6,7,4,34,33,78.0,82.0
152,0,6,7,4,81,33,78.0,82.0
153,0,6,7,1,16,2,76.0,80.0
154,0,6,7,1,104,33,76.0,80.0
155,0,6,7,1,149,33,76.0,80.0
156,0,6,7,1,115,33,76.0,80.0
157,0,6,7,33,19,33,78.0,80.0
158,0,6,7,33,13,33,78.0,80.0
159,2,5,3,1,40,33,76.0,94.0
160,2,5,3,1,12,9,76.0,94.0
161,2,5,3,1,13,10,76.0,94.0
162,2,5,3,1,104,33,76.0,94.0
163,2,5,3,1,30,25,76.0,94.0
164,2,5,3,1,79,33,76.0,94.0
165,2,5,3,1,81,33,76.0,94.0
166,1,5,1,1,5,5,78.0,82.0
167,1,5,1,1,16,15,78.0,82.0
168,1,5,1,1,195,33,78.0,82.0
169,1,5,1,1,38,33,78.0,82.0
170,1,5,1,1,99,33,78.0,82.0
171,1,4,1,1,5,4,74.0,80.0
172,1,4,1,1,10,5,74.0,80.0
173,1,4,1,1,9,8,74.0,80.0
174,1,4,1,1,361,33,74.0,80.0
175,1,4,1,1,35,33,74.0,80.0
176,1,4,1,1,9,7,78.0,82.0
177,1,4,1,1,14,12,78.0,82.0
178,1,4,1,1,78,33,78.0,82.0
179,1,4,1,1,21,33,78.0,82.0
180,1,6,1,1,8,2,80.0,84.0
181,1,6,1,1,26,3,80.0,84.0
182,1,6,1,1,38,7,80.0,84.0
183,1,6,1,1,50,33,80.0,84.0
184,1,4,1,1,46,33,82.0,86.0
185,0,6,1,1,123,33,84.0,80.0
186,0,6,1,1,26,33,84.0,80.0
187,0,6,1,1,58,33,84.0,80.0
188,0,2,1,33,30,33,84.0,80.0
189,0,2,1,33,36,33,84.0,78.0
190,0,2,1,33,51,33,84.0,78.0
191,0,2,1,33,118,33,84.0,78.0
192,0,1,1,1,3,3,86.0,82.0
193,0,1,1,1,8,8,86.0,82.0
194,0,1,1,1,5,5,86.0,82.0
195,0,1,1,1,12,10,86.0,82.0
196,0,4,1,1,2,2,84.0,82.0
197,0,4,1,1,10,7,84.0,82.0
198,0,4,1,1,26,33,84.0,82.0
199,0,4,1,1,22,15,84.0,82.0
200,0,4,1,1,40,33,84.0,82.0
201,0,5,1,1,2,2,84.0,84.0
202,0,5,1,1,4,4,84.0,84.0
203,0,5,1,1,8,6,84.0,84.0
204,0,5,1,1,99,33,84.0,84.0
205,0,5,1,1,56,33,84.0,84.0
206,0,5,1,1,121,33,84.0,84.0
207,0,5,1,1,145,33,84.0,84.0
208,0,6,1,1,11,6,86.0,90.0
209,0,6,1,1,5,4,86.0,90.0
210,0,6,1,1,69,33,86.0,90.0
211,0,6,1,1,35,16,86.0,90.0
212,0,6,1,1,48,33,86.0,90.0
213,0,6,1,1,139,33,86.0,90.0
214,2,5,1,1,9,7,82.0,92.0
215,2,5,1,1,12,10,82.0,92.0
216,2,5,1,1,48,33,82.0,92.0
217,2,5,1,1,20,17,82.0,92.0
218,2,5,1,1,114,33,82.0,92.0
219,2,5,1,1,102,33,82.0,92.0
220,2,5,1,1,253,33,82.0,92.0
221,1,5,1,1,5,5,82.0,82.0
222,1,5,1,1,3,3,82.0,82.0
223,1,5,1,1,9,9,82.0,82.0
224,1,5,1,1,76,33,82.0,82.0
225,1,5,1,1,93,33,82.0,82.0
226,1,5,1,1,92,33,82.0,82.0
227,1,5,1,1,66,33,82.0,82.0
228,1,6,1,1,255,33,80.0,80.0
229,1,6,1,1,119,33,80.0,80.0
230,1,6,1,1,96,33,80.0,80.0
231,1,6,1,1,253,33,80.0,80.0
232,1,4,1,1,3,2,82.0,80.0
233,1,4,1,1,33,33,82.0,80.0
234,1,4,1,1,5,5,82.0,80.0
235,1,4,1,1,48,33,82.0,80.0
236,1,4,1,1,31,33,82.0,80.0
237,1,6,1,1,28,3,84.0,78.0
238,1,6,1,1,47,8,84.0,78.0
239,1,6,1,1,85,33,84.0,78.0
240,1,4,1,1,33,33,86.0,78.0
241,1,4,1,1,22,33,86.0,78.0
242,0,5,1,1,4,4,86.0,86.0
243,0,5,1,1,114,33,86.0,86.0
244,0,5,1,1,7,6,86.0,86.0
245,0,5,1,1,14,14,86.0,86.0
246,0,5,1,1,31,27,86.0,86.0
247,0,5,1,1,64,33,86.0,86.0
248,0,5,1,1,61,33,86.0,86.0
249,0,6,1,33,12,33,86.0,84.0
250,0,6,1,33,7,33,86.0,84.0
251,0,1,1,1,3,3,90.0,88.0
252,0,1,1,1,4,4,90.0,88.0
253,0,1,1,1,7,5,90.0,88.0
254,0,1,1,1,9,8,90.0,88.0
255,0,6,1,1,42,33,88.0,88.0
256,0,6,1,1,24,33,88.0,88.0
257,0,6,1,1,30,33,88.0,88.0
258,1,5,1,2,2,1,88.0,78.0
259,1,5,1,1,6,5,88.0,78.0
260,1,5,1,1,18,17,88.0,78.0
261,1,5,1,1,16,15,88.0,78.0
262,1,5,1,1,153,33,88.0,78.0
263,1,5,1,1,66,33,88.0,78.0
264,1,5,1,1,80,33,88.0,78.0
265,1,4,1,1,15,8,88.0,76.0
266,1,4,1,1,34,33,88.0,76.0
267,1,4,1,1,97,33,88.0,76.0
268,1,4,1,1,29,33,88.0,76.0
269,1,4,1,1,87,33,88.0,76.0
270,0,5,1,1,27,20,88.0,88.0
271,0,5,1,1,29,28,88.0,88.0
272,0,5,1,1,44,33,88.0,88.0
273,0,5,1,1,109,33,88.0,88.0
274,0,4,1,1,30,33,86.0,86.0
275,0,4,1,1,12,8,86.0,86.0
276,0,4,1,1,34,33,86.0,86.0
277,0,4,1,1,55,33,86.0,86.0
278,0,4,1,1,72,33,86.0,86.0
279,0,6,1,1,6,2,86.0,84.0
280,0,6,1,1,9,3,86.0,84.0
281,0,6,1,1,17,7,86.0,84.0
282,0,6,1,1,80,33,86.0,84.0
283,0,6,1,1,260,33,86.0,84.0
284,0,5,2,2,5,5,84.0,82.0
285,0,5,2,2,3,3,84.0,82.0
286,0,5,2,2,35,32,84.0,82.0
287,0,5,2,2,14,14,84.0,82.0
288,0,5,2,2,71,33,84.0,82.0
289,0,5,2,2,146,33,84.0,82.0
290,0,5,2,2,37,33,84.0,82.0
291,0,6,2,33,1,33,82.0,80.0
292,0,6,2,33,5,33,82.0,80.0
293,0,6,2,33,14,33,82.0,80.0
294,0,6,2,33,9,33,82.0,80.0
295,0,6,2,33,147,33,82.0,80.0
296,0,6,2,33,33,33,82.0,80.0
297,0,2,2,33,17,33,82.0,80.0
298,0,2,2,33,24,33,82.0,78.0
299,0,2,2,33,73,33,82.0,78.0
300,0,1,2,2,3,3,84.0,82.0
301,0,1,2,2,5,5,84.0,82.0
302,0,1,2,2,8,8,84.0,82.0
303,0,4,1,1,28,33,82.0,82.0
304,0,4,1,1,27,33,82.0,82.0
305,0,4,1,1,7,7,82.0,82.0
306,0,4,1,1,75,33,82.0,82.0
307,0,4,1,1,97,33,82.0,82.0
308,0,4,1,1,7,6,82.0,82.0
309,0,4,1,1,17,16,82.0,82.0
310,0,4,1,1,36,33,82.0,82.0
311,0,6,1,1,80,33,82.0,82.0
312,0,6,1,1,15,3,82.0,82.0
313,0,6,1,1,24,5,82.0,82.0
314,0,6,1,1,133,33,82.0,82.0
315,0,6,1,1,94,33,82.0,82.0
316,0,5,1,1,24,23,82.0,84.0
317,0,5,1,1,111,33,82.0,84.0
318,0,5,1,1,56,33,82.0,84.0
319,0,5,1,1,76,33,82.0,84.0
320,0,4,1,1,8,9,82.0,84.0
321,0,4,1,1,31,33,82.0,84.0
322,0,4,1,1,53,33,82.0,84.0
323,0,4,1,1,45,33,82.0,84.0
324,2,5,1,1,3,2,80.0,88.0
325,2,5,1,1,22,23,80.0,88.0
326,2,5,1,1,23,21,80.0,88.0
327,2,5,1,1,66,33,80.0,88.0
328,2,5,1,1,48,33,80.0,88.0
329,2,5,1,1,111,33,80.0,88.0
330,2,5,1,1,57,33,80.0,88.0
331,1,5,1,1,4,4,80.0,76.0
332,1,5,1,1,5,5,80.0,76.0
333,1,5,1,1,45,33,80.0,76.0
334,1,5,1,1,147,33,80.0,76.0
335,1,5,1,1,104,33,80.0,76.0
336,1,5,1,1,44,33,80.0,76.0
337,1,4,1,1,2,2,82.0,76.0
338,1,4,1,1,24,33,82.0,76.0
339,1,4,1,1,9,7,82.0,76.0
340,1,4,1,1,56,33,82.0,76.0
341,1,4,1,1,22,33,82.0,76.0
342,1,4,1,1,9,8,82.0,76.0
343,1,4,1,1,5,5,82.0,76.0
344,1,4,1,1,11,9,82.0,76.0
345,1,4,1,1,47,33,82.0,76.0
346,1,4,1,1,57,33,82.0,76.0
347,1,4,1,1,14,10,82.0,78.0
348,1,4,1,1,65,33,82.0,78.0
349,1,4,1,1,40,33,82.0,78.0
350,0,4,1,1,25,22,84.0,82.0
351,0,4,1,1,83,33,84.0,82.0
352,0,4,1,1,81,33,84.0,82.0
353,0,4,1,1,39,33,86.0,82.0
354,0,4,1,1,128,33,86.0,82.0
355,0,5,1,1,2,2,84.0,78.0
356,0,5,1,1,31,28,84.0,78.0
357,0,5,1,1,9,8,84.0,78.0
358,0,5,1,1,19,15,84.0,78.0
359,0,5,1,1,27,25,84.0,78.0
360,0,5,1,1,177,33,84.0,78.0
361,0,5,1,1,230,33,84.0,78.0
362,0,6,1,1,24,7,84.0,78.0
363,0,6,1,1,21,5,84.0,78.0
364,0,6,1,1,36,33,84.0,78.0
365,0,6,1,1,47,33,84.0,78.0
366,0,1,1,1,5,3,86.0,80.0
367,0,1,1,1,6,4,86.0,80.0
368,0,1,1,1,10,8,86.0,80.0
369,0,1,1,1,7,5,86.0,80.0
370,0,1,1,1,5,3,86.0,80.0
371,0,4,2,2,18,33,82.0,80.0
372,0,4,2,2,3,3,82.0,80.0
373,0,4,2,2,7,5,82.0,80.0
374,0,4,2,2,52,33,82.0,80.0
375,0,4,2,2,48,33,82.0,80.0
376,0,4,3,2,19,13,76.0,78.0
377,0,4,3,2,5,4,76.0,78.0
378,0,4,3,2,8,7,76.0,78.0
379,0,4,3,2,21,16,76.0,78.0
380,0,4,3,2,41,33,76.0,78.0
381,0,6,3,33,9,33,78.0,78.0
382,0,5,6,6,3,3,76.0,76.0
383,0,5,6,6,19,21,76.0,76.0
384,0,5,6,6,55,33,76.0,76.0
385,0,5,6,6,68,33,76.0,76.0
386,0,5,6,6,25,26,76.0,76.0
387,0,5,6,6,61,33,76.0,76.0
388,0,5,6,6,41,33,76.0,76.0
389,0,4,10,10,2,2,74.0,76.0
390,0,4,10,10,7,7,74.0,76.0
391,0,4,10,10,29,33,74.0,76.0
392,0,4,10,10,5,5,74.0,76.0
393,0,4,10,10,28,33,74.0,76.0
394,0,4,10,10,33,33,74.0,76.0
395,0,4,10,9,27,33,74.0,78.0
396,0,4,10,9,121,33,74.0,78.0
397,0,4,10,9,84,33,74.0,78.0
398,2,5,21,12,8,8,72.0,86.0
399,2,5,21,12,1,2,72.0,86.0
400,2,5,21,12,28,24,72.0,86.0
401,2,5,21,12,40,33,72.0,86.0
402,2,5,21,12,17,21,72.0,86.0
403,2,5,21,12,126,33,72.0,86.0
404,2,5,21,12,57,33,72.0,86.0
405,2,6,22,33,6,1,72.0,88.0
406,2,6,22,33,61,33,72.0,88.0
407,2,6,22,33,26,33,72.0,88.0
408,2,6,22,33,5,2,72.0,88.0
409,2,6,22,33,63,33,72.0,88.0
410,1,5,22,20,72,33,70.0,76.0
411,1,5,22,20,35,30,70.0,76.0
412,1,5,22,20,13,13,70.0,76.0
413,1,5,22,20,155,33,70.0,76.0
414,1,5,22,20,134,33,70.0,76.0
415,1,4,18,11,2,1,70.0,78.0
416,1,4,18,11,24,33,70.0,78.0
417,1,4,18,11,41,33,70.0,78.0
418,1,4,18,11,74,33,70.0,78.0
419,1,4,18,11,54,33,70.0,78.0
420,1,4,12,10,22,33,72.0,80.0
421,1,4,12,10,20,33,72.0,80.0
422,1,6,12,6,140,33,74.0,82.0
423,1,4,13,9,7,5,74.0,84.0
424,1,4,13,9,39,33,74.0,84.0
425,1,4,13,9,93,33,74.0,84.0
426,0,4,12,9,47,33,76.0,80.0
427,0,4,13,10,109,33,78.0,82.0
428,0,5,14,14,58,33,78.0,84.0
429,0,5,14,14,22,21,78.0,84.0
430,0,5,14,14,39,33,78.0,84.0
431,0,5,14,14,63,33,78.0,84.0
432,2,5,4,2,15,11,76.0,88.0
433,2,5,4,2,51,33,76.0,88.0
434,2,5,4,2,589,33,76.0,88.0
435,2,5,4,2,136,33,76.0,88.0
436,2,5,4,2,47,33,76.0,88.0
437,2,6,4,1,16,2,76.0,86.0
438,2,6,4,1,52,33,76.0,86.0
439,2,6,4,1,47,33,76.0,86.0
440,2,6,4,1,75,33,76.0,86.0
441,1,5,2,2,7,6,76.0,84.0
442,1,5,2,2,20,19,76.0,84.0
443,1,5,2,2,41,33,76.0,84.0
444,1,5,2,2,59,33,76.0,84.0
445,1,5,2,2,77,33,76.0,84.0
446,1,4,2,2,17,16,78.0,88.0
447,1,4,2,2,7,8,78.0,88.0
448,1,4,2,2,34,33,78.0,88.0
449,1,4,2,2,20,33,78.0,88.0
450,1,4,2,2,55,33,78.0,88.0
451,1,4,2,2,5,4,80.0,90.0
452,1,4,2,2,8,6,80.0,90.0
453,1,4,2,2,38,33,80.0,90.0
454,1,4,2,2,76,33,80.0,90.0
455,1,4,2,2,13,10,82.0,90.0
456,1,4,2,2,19,13,82.0,90.0
457,1,4,2,2,32,33,82.0,90.0
458,0,2,2,33,24,33,80.0,84.0
459,0,4,2,2,16,15,82.0,86.0
460,0,4,2,2,35,31,82.0,86.0
461,0,4,2,2,46,33,82.0,86.0
462,0,6,2,1,17,6,84.0,86.0
463,0,6,2,1,32,33,84.0,86.0
464,0,6,2,1,62,33,84.0,86.0
465,0,2,2,33,63,33,84.0,86.0
466,0,5,2,2,117,33,86.0,88.0
467,0,5,2,2,40,33,86.0,88.0
468,0,6,2,2,1,1,84.0,88.0
469,0,6,2,2,42,33,84.0,88.0
470,0,6,2,2,107,33,84.0,88.0
471,0,6,2,2,71,33,84.0,88.0
472,0,6,2,2,63,33,84.0,88.0
473,0,1,2,2,1,1,86.0,90.0
474,0,1,2,2,5,5,86.0,90.0
475,0,1,2,2,9,8,86.0,90.0
476,0,1,2,2,11,9,86.0,90.0
477,0,1,2,2,4,4,86.0,90.0
478,0,4,1,1,10,9,88.0,90.0
479,0,4,1,1,18,14,88.0,90.0
480,0,4,1,1,34,33,88.0,90.0
481,0,4,1,1,19,15,88.0,92.0
482,0,4,1,1,110,33,88.0,92.0
483,0,4,1,1,131,33,88.0,92.0
484,0,4,1,1,50,33,88.0,92.0
485,0,5,1,1,3,3,90.0,94.0
486,0,5,1,1,12,10,90.0,94.0
487,0,5,1,1,11,9,90.0,94.0
488,0,5,1,1,84,33,90.0,94.0
489,0,5,1,1,61,33,90.0,94.0
490,0,5,1,1,49,33,90.0,94.0
491,0,5,1,1,247,33,90.0,94.0
492,0,6,1,1,141,33,92.0,96.0
493,0,4,1,1,6,3,92.0,96.0
494,0,4,1,1,14,10,92.0,96.0
495,0,4,1,1,8,5,92.0,96.0
496,0,4,1,1,129,33,92.0,96.0
497,0,4,1,1,37,33,92.0,96.0
498,2,5,1,1,41,28,94.0,86.0
499,2,5,1,1,55,33,94.0,86.0
500,2,5,1,1,177,33,94.0,86.0
501,1,5,1,1,2,2,92.0,88.0
502,1,5,1,1,15,13,92.0,88.0
503,1,5,1,1,8,7,92.0,88.0
504,1,5,1,1,16,14,92.0,88.0
505,1,5,1,1,66,33,92.0,88.0
506,1,5,1,1,161,33,92.0,88.0
507,1,5,1,1,95,33,92.0,88.0
508,1,4,1,1,3,2,94.0,88.0
509,1,4,1,1,6,6,94.0,88.0
510,1,4,1,1,5,5,94.0,88.0
511,1,4,1,1,37,33,94.0,88.0
512,1,4,1,1,103,33,94.0,88.0
513,1,4,1,1,2,2,94.0,86.0
514,1,4,1,1,6,6,94.0,86.0
515,1,4,1,1,10,11,94.0,86.0
516,1,4,1,1,17,15,94.0,86.0
517,1,4,1,1,40,33,94.0,86.0
518,1,4,1,1,55,33,96.0,88.0
519,0,4,1,1,6,6,96.0,96.0
520,0,4,1,1,15,15,96.0,96.0
521,0,4,1,1,7,7,96.0,96.0
522,0,4,1,1,14,14,96.0,96.0
523,0,4,1,1,38,33,96.0,96.0
524,0,4,1,1,87,33,96.0,96.0
525,0,4,1,1,14,12,92.0,92.0
526,0,4,1,1,5,4,92.0,92.0
527,0,4,1,1,9,7,92.0,92.0
528,0,4,1,1,21,18,92.0,92.0
529,0,4,1,1,30,27,92.0,92.0
530,0,4,1,1,149,33,92.0,92.0
531,0,2,1,33,200,33,92.0,92.0
532,0,2,1,33,79,33,92.0,92.0
533,0,6,1,1,24,6,94.0,94.0
534,0,6,1,1,121,33,94.0,94.0
535,0,6,1,1,41,33,94.0,94.0
536,0,5,1,1,2,2,92.0,94.0
537,0,5,1,1,3,3,92.0,94.0
538,0,5,1,1,7,7,92.0,94.0
539,0,5,1,1,15,14,92.0,94.0
540,0,5,1,1,29,28,92.0,94.0
541,0,5,1,1,187,33,92.0,94.0
542,0,5,1,1,52,33,92.0,94.0
543,0,6,1,1,5,2,92.0,94.0
544,0,6,1,1,6,3,92.0,94.0
545,0,6,1,1,35,8,92.0,94.0
546,0,6,1,1,49,33,92.0,94.0
547,0,6,1,1,118,33,92.0,94.0
548,0,1,1,1,3,3,94.0,94.0
549,0,1,1,1,5,5,94.0,94.0
550,0,1,1,1,8,8,94.0,94.0
551,0,1,1,1,3,3,94.0,94.0
552,0,1,1,1,6,6,94.0,94.0
553,0,4,1,1,3,2,94.0,94.0
554,0,4,1,1,4,4,94.0,94.0
555,0,4,1,1,5,5,94.0,94.0
556,0,4,1,1,15,14,94.0,94.0
557,0,4,1,1,40,33,94.0,94.0
558,0,4,1,1,15,16,94.0,92.0
559,0,4,1,1,2,3,94.0,92.0
560,0,4,1,1,20,33,94.0,92.0
561,0,4,1,1,17,15,94.0,92.0
562,0,4,1,1,44,33,94.0,92.0
563,0,6,1,1,8,3,94.0,92.0
564,0,6,1,1,7,4,94.0,92.0
565,0,6,1,1,13,6,94.0,92.0
566,0,6,1,1,219,33,94.0,92.0
567,0,6,1,1,59,33,94.0,92.0
568,0,5,1,1,2,2,92.0,90.0
569,0,5,1,1,9,9,92.0,90.0
570,0,5,1,1,19,18,92.0,90.0
571,0,5,1,1,23,23,92.0,90.0
572,0,5,1,1,25,25,92.0,90.0
573,0,5,1,1,52,33,92.0,90.0
574,0,5,1,1,91,33,92.0,90.0
575,0,4,1,1,3,2,94.0,92.0
576,0,4,1,1,66,33,94.0,92.0
577,0,4,1,1,5,5,94.0,92.0
578,0,4,1,1,14,13,94.0,92.0
579,0,4,1,1,42,33,94.0,92.0
580,0,4,1,1,3,2,94.0,92.0
581,0,4,1,1,49,33,94.0,92.0
582,0,4,1,1,87,33,94.0,92.0
583,0,4,1,1,35,33,94.0,92.0
584,0,4,1,1,33,33,94.0,92.0
585,2,5,1,1,2,2,94.0,84.0
586,2,5,1,1,20,21,94.0,84.0
587,2,5,1,1,9,9,94.0,84.0
588,2,5,1,1,14,14,94.0,84.0
589,2,5,1,1,26,27,94.0,84.0
590,2,5,1,1,92,33,94.0,84.0
591,2,5,1,1,33,33,94.0,84.0
592,1,5,1,1,9,8,94.0,88.0
593,1,5,1,1,3,3,94.0,88.0
594,1,5,1,1,7,6,94.0,88.0
595,1,5,1,1,21,20,94.0,88.0
596,1,5,1,1,84,33,94.0,88.0
597,1,5,1,1,55,33,94.0,88.0
598,1,5,1,1,87,33,94.0,88.0
599,1,4,1,1,2,2,94.0,86.0
600,1,4,1,1,8,7,94.0,86.0
601,1,4,1,1,6,5,94.0,86.0
602,1,4,1,1,68,33,94.0,86.0
603,1,4,1,1,174,33,94.0,86.0
604,1,4,1,1,8,6,92.0,82.0
605,1,4,1,1,5,3,92.0,82.0
606,1,4,1,1,10,8,92.0,82.0
607,1,4,1,1,52,33,92.0,82.0
608,1,4,1,1,67,33,92.0,82.0
609,0,4,1,1,4,3,88.0,88.0
610,0,4,1,1,24,22,88.0,88.0
611,0,4,1,1,7,6,88.0,88.0
612,0,4,1,1,65,33,88.0,88.0
613,0,4,1,1,84,33,88.0,88.0
614,0,4,1,1,41,33,88.0,88.0
615,0,4,1,1,2,2,88.0,88.0
616,0,4,1,1,4,4,88.0,88.0
617,0,4,1,1,35,32,88.0,88.0
618,0,4,1,1,20,18,88.0,88.0
619,0,4,1,1,68,33,88.0,88.0
620,0,4,1,1,61,33,88.0,88.0
621,0,2,1,33,158,33,88.0,88.0
622,0,6,1,1,2,2,88.0,90.0
623,0,6,1,1,8,4,88.0,90.0
624,0,6,1,1,104,33,88.0,90.0
625,0,6,1,1,107,33,88.0,90.0
626,0,6,1,1,63,33,88.0,90.0
627,0,5,1,1,6,6,88.0,86.0
628,0,5,1,1,4,4,88.0,86.0
629,0,5,1,1,8,8,88.0,86.0
630,0,5,1,1,42,33,88.0,86.0
631,0,5,1,1,33,31,88.0,86.0
632,0,5,1,1,88,33,88.0,86.0
633,0,5,1,1,116,33,88.0,86.0
634,0,6,1,1,27,7,88.0,88.0
635,0,6,1,1,57,33,88.0,88.0
636,0,6,1,1,68,33,88.0,88.0
637,0,1,1,1,2,2,88.0,88.0
638,0,1,1,1,5,4,88.0,88.0
639,0,1,1,1,4,3,88.0,88.0
640,0,1,1,1,7,6,88.0,88.0
641,0,1,1,1,9,8,88.0,88.0
642,0,4,1,1,10,7,88.0,88.0
643,0,4,1,1,7,6,88.0,88.0
644,0,4,1,1,8,8,88.0,88.0
645,0,4,1,1,21,33,88.0,88.0
646,0,4,1,1,24,33,88.0,88.0
647,0,4,1,1,3,3,90.0,90.0
648,0,4,1,1,5,5,90.0,90.0
649,0,4,1,1,85,33,90.0,90.0
650,0,4,1,1,39,33,90.0,90.0
651,0,6,1,1,6,3,86.0,90.0
652,0,6,1,1,11,6,86.0,90.0
653,0,6,1,1,10,5,86.0,90.0
654,0,6,1,1,41,33,86.0,90.0
655,0,6,1,1,38,33,86.0,90.0
656,0,5,1,1,11,10,88.0,90.0
657,0,5,1,1,9,8,88.0,90.0
658,0,5,1,1,25,22,88.0,90.0
659,0,5,1,1,57,33,88.0,90.0
660,0,5,1,1,81,33,88.0,90.0
661,0,5,1,1,79,33,88.0,90.0
662,0,4,1,1,20,16,90.0,92.0
663,0,4,1,1,31,33,90.0,92.0
664,0,4,1,1,15,13,92.0,94.0
665,0,4,1,1,22,33,92.0,94.0
666,2,5,2,1,4,4,92.0,80.0
667,2,5,2,1,13,11,92.0,80.0
668,2,5,2,1,29,26,92.0,80.0
669,2,5,2,1,17,14,92.0,80.0
670,2,5,2,1,44,33,92.0,80.0
671,2,5,2,1,38,33,92.0,80.0
672,2,5,2,1,56,33,92.0,80.0
673,1,5,2,2,1,1,94.0,82.0
674,1,5,2,2,17,18,94.0,82.0
675,1,5,2,2,9,8,94.0,82.0
676,1,5,2,2,14,13,94.0,82.0
677,1,5,2,2,26,25,94.0,82.0
678,1,5,2,2,42,33,94.0,82.0
679,1,5,2,2,44,33,94.0,82.0
680,1,4,2,2,1,1,92.0,82.0
681,1,4,2,2,10,8,92.0,82.0
682,1,4,2,2,5,5,92.0,82.0
683,1,4,2,2,29,33,92.0,82.0
684,1,4,2,2,43,33,92.0,82.0
685,1,4,2,2,4,4,94.0,84.0
686,1,4,2,2,38,33,94.0,84.0
687,1,4,2,2,62,33,94.0,84.0
688,1,4,2,2,57,33,94.0,84.0
689,0,4,2,2,1,1,90.0,90.0
690,0,4,2,2,21,20,90.0,90.0
691,0,4,2,2,6,6,90.0,90.0
692,0,4,2,2,17,16,90.0,90.0
693,0,4,2,2,32,30,90.0,90.0
694,0,4,2,2,48,33,90.0,90.0
695,0,4,2,2,8,7,88.0,88.0
696,0,4,2,2,13,12,88.0,88.0
697,0,4,2,2,65,33,88.0,88.0
698,0,4,2,2,26,24,88.0,88.0
699,0,4,2,2,91,33,88.0,88.0
700,0,4,2,2,87,33,88.0,88.0
701,0,6,2,1,8,4,90.0,88.0
702,0,6,2,1,15,6,90.0,88.0
703,0,6,2,1,51,33,90.0,88.0
704,0,6,2,1,54,33,90.0,88.0
705,0,5,2,2,8,8,90.0,90.0
706,0,5,2,2,16,15,90.0,90.0
707,0,5,2,2,49,33,90.0,90.0
708,0,5,2,2,98,33,90.0,90.0
709,0,5,2,2,96,33,90.0,90.0
710,0,2,2,33,44,33,88.0,90.0
711,0,2,2,33,7,33,88.0,90.0
712,0,1,2,2,1,1,86.0,90.0
713,0,1,2,2,8,7,86.0,90.0
714,0,1,2,2,9,8,86.0,90.0
715,0,1,2,2,7,6,86.0,90.0
716,0,1,2,2,5,4,86.0,90.0
717,0,4,2,2,3,3,86.0,90.0
718,0,4,2,2,6,5,86.0,90.0
719,0,4,2,2,8,7,86.0,90.0
720,0,4,2,2,16,13,86.0,90.0
721,0,4,2,2,189,33,86.0,90.0
722,0,4,2,1,5,6,82.0,88.0
723,0,4,2,1,9,7,82.0,88.0
724,0,4,2,1,42,33,82.0,88.0
725,0,4,2,1,17,33,82.0,88.0
726,0,4,2,1,36,33,82.0,88.0
727,0,6,1,1,2,2,82.0,88.0
728,0,6,1,1,10,5,82.0,88.0
729,0,6,1,1,30,33,82.0,88.0
730,0,6,1,1,31,33,82.0,88.0
731,0,6,1,1,46,33,82.0,88.0
732,1,2,1,33,41,33,82.0,84.0
733,1,2,1,33,11,33,82.0,84.0
734,0,5,1,1,2,2,84.0,88.0
735,0,5,1,1,10,9,84.0,88.0
736,0,5,1,1,24,21,84.0,88.0
737,0,5,1,1,43,33,84.0,88.0
738,0,5,1,1,95,33,84.0,88.0
739,0,5,1,1,87,33,84.0,88.0
740,0,5,1,1,112,33,84.0,88.0
741,0,4,1,1,22,33,86.0,88.0
742,0,4,1,1,80,33,86.0,88.0
743,0,4,1,1,32,33,86.0,88.0
744,0,4,1,1,4,4,88.0,90.0
745,0,4,1,1,9,7,88.0,90.0
746,0,4,1,1,66,33,88.0,90.0
747,0,4,1,1,50,33,88.0,90.0
748,2,5,1,1,2,2,88.0,80.0
749,2,5,1,1,8,8,88.0,80.0
750,2,5,1,1,6,7,88.0,80.0
751,2,5,1,1,13,13,88.0,80.0
752,2,5,1,1,25,28,88.0,80.0
753,2,5,1,1,156,33,88.0,80.0
754,2,5,1,1,34,33,88.0,80.0
755,1,5,1,1,4,3,88.0,86.0
756,1,5,1,1,14,12,88.0,86.0
757,1,5,1,1,19,16,88.0,86.0
758,1,5,1,1,28,26,88.0,86.0
759,1,5,1,1,83,33,88.0,86.0
760,1,5,1,1,58,33,88.0,86.0
761,1,4,1,1,6,6,90.0,86.0
762,1,4,1,1,23,33,90.0,86.0
763,1,4,1,1,89,33,90.0,86.0
764,1,4,1,1,28,33,92.0,88.0
765,1,4,1,1,5,3,90.0,84.0
766,1,4,1,1,32,33,90.0,84.0
767,1,4,1,1,49,33,90.0,84.0
768,1,4,1,1,20,14,90.0,84.0
769,1,4,1,1,27,33,90.0,84.0
770,0,2,1,33,23,33,90.0,90.0
771,0,2,1,33,20,33,90.0,90.0
772,0,4,1,1,18,15,92.0,92.0
773,0,4,1,1,254,33,92.0,92.0
774,0,4,1,1,64,33,92.0,92.0
775,0,4,1,1,7,7,90.0,94.0
776,0,4,1,1,8,8,90.0,94.0
777,0,4,1,1,23,23,90.0,94.0
778,0,4,1,1,31,31,90.0,94.0
779,0,4,1,1,36,33,90.0,94.0
780,0,6,1,1,6,3,88.0,92.0
781,0,6,1,1,7,4,88.0,92.0
782,0,6,1,1,20,7,88.0,92.0
783,0,6,1,1,55,33,88.0,92.0
784,0,6,1,1,44,33,88.0,92.0
785,1,2,1,33,127,33,88.0,84.0
786,0,5,1,1,3,3,86.0,90.0
787,0,5,1,1,5,4,86.0,90.0
788,0,5,1,1,6,5,86.0,90.0
789,0,5,1,1,17,15,86.0,90.0
790,0,5,1,1,34,31,86.0,90.0
791,0,5,1,1,62,33,86.0,90.0
792,0,5,1,1,60,33,86.0,90.0
793,0,1,1,1,2,2,84.0,90.0
794,0,1,1,1,7,6,84.0,90.0
795,0,1,1,1,8,7,84.0,90.0
796,0,1,1,1,3,3,84.0,90.0
797,0,1,1,1,6,5,84.0,90.0
798,0,4,2,2,23,33,86.0,92.0
799,0,4,2,2,3,3,82.0,86.0
800,0,4,2,2,7,4,82.0,86.0
801,0,4,2,2,21,33,82.0,86.0
802,0,4,2,2,29,33,82.0,86.0
803,0,4,2,2,56,33,82.0,86.0
804,0,6,2,1,7,3,82.0,82.0
805,0,6,2,1,29,33,82.0,82.0
806,0,6,2,1,37,33,82.0,82.0
807,0,6,2,1,50,33,82.0,82.0
808,0,6,2,1,123,33,82.0,82.0
809,0,5,2,2,4,3,82.0,84.0
810,0,5,2,2,5,4,82.0,84.0
811,0,5,2,2,8,7,82.0,84.0
812,0,5,2,2,19,18,82.0,84.0
813,0,5,2,2,35,31,82.0,84.0
814,0,5,2,2,112,33,82.0,84.0
815,0,5,2,2,69,33,82.0,84.0
816,0,4,2,2,1,1,82.0,84.0
817,0,4,2,2,9,6,82.0,84.0
818,0,4,2,2,15,12,82.0,84.0
819,0,4,2,2,50,33,82.0,84.0
820,0,4,2,2,27,33,82.0,84.0
821,0,4,2,1,21,14,82.0,84.0
822,0,4,2,1,9,5,82.0,84.0
823,0,4,2,1,25,33,82.0,84.0
824,0,4,2,1,35,33,82.0,84.0
825,0,4,2,1,49,33,82.0,84.0
826,2,6,2,2,9,8,84.0,80.0
827,2,6,2,2,4,3,84.0,80.0
828,2,6,2,2,6,5,84.0,80.0
829,2,6,2,2,158,33,84.0,80.0
830,2,6,2,2,22,33,84.0,80.0
831,2,6,2,2,65,33,84.0,80.0
832,2,5,1,1,3,3,80.0,78.0
833,2,5,1,1,29,31,80.0,78.0
834,2,5,1,1,34,33,80.0,78.0
835,2,5,1,1,27,28,80.0,78.0
836,2,5,1,1,48,33,80.0,78.0
837,2,5,1,1,38,33,80.0,78.0
838,1,5,1,1,2,2,80.0,82.0
839,1,5,1,1,3,3,80.0,82.0
840,1,5,1,1,5,5,80.0,82.0
841,1,5,1,1,25,22,80.0,82.0
842,1,5,1,1,286,33,80.0,82.0
843,1,5,1,1,99,33,80.0,82.0
844,1,5,1,1,97,33,80.0,82.0
845,1,4,1,1,3,2,80.0,82.0
846,1,4,1,1,2,3,80.0,82.0
847,1,4,1,1,5,5,80.0,82.0
848,1,4,1,1,15,14,80.0,82.0
849,1,4,1,1,32,33,80.0,82.0
850,1,4,1,1,8,7,82.0,84.0
851,1,4,1,1,21,33,82.0,84.0
852,1,4,1,1,137,33,82.0,84.0
853,1,4,1,1,2,2,84.0,84.0
854,1,4,1,1,7,6,84.0,84.0
855,1,4,1,1,55,33,84.0,84.0
856,1,4,1,1,21,16,84.0,84.0
857,1,4,1,1,44,33,84.0,84.0
858,0,4,1,1,4,4,84.0,84.0
859,0,4,1,1,21,21,84.0,84.0
860,0,4,1,1,5,5,84.0,84.0
861,0,4,1,1,17,17,84.0,84.0
862,0,4,1,1,27,27,84.0,84.0
863,0,4,1,1,42,33,84.0,84.0
864,0,4,1,1,11,11,84.0,86.0
865,0,4,1,1,12,12,84.0,86.0
866,0,4,1,1,45,33,84.0,86.0
867,0,4,1,1,30,29,84.0,86.0
868,0,4,1,1,145,33,84.0,86.0
869,0,6,1,1,4,3,86.0,88.0
870,0,6,1,1,9,7,86.0,88.0
871,0,6,1,1,74,33,86.0,88.0
872,0,6,1,1,72,33,86.0,88.0
873,0,5,1,1,2,2,86.0,88.0
874,0,5,1,1,4,4,86.0,88.0
875,0,5,1,1,5,5,86.0,88.0
876,0,5,1,1,181,33,86.0,88.0
877,0,5,1,1,81,33,86.0,88.0
878,0,5,1,1,56,33,86.0,88.0
879,0,5,1,1,109,33,86.0,88.0
880,0,1,1,33,7,33,90.0,92.0
881,0,1,1,33,5,33,90.0,92.0
882,0,1,1,33,9,33,90.0,92.0
883,0,4,1,1,8,6,92.0,90.0
884,0,4,1,1,19,15,92.0,90.0
885,0,4,1,1,39,33,92.0,90.0
886,0,6,1,1,32,33,94.0,90.0
887,0,6,1,1,59,33,94.0,90.0
888,0,6,1,1,64,33,94.0,90.0
889,0,6,1,1,47,33,94.0,90.0
890,0,2,1,33,17,33,96.0,90.0
891,0,5,1,1,2,2,96.0,88.0
892,0,5,1,1,3,3,96.0,88.0
893,0,5,1,1,20,20,96.0,88.0
894,0,5,1,1,23,22,96.0,88.0
895,0,5,1,1,39,33,96.0,88.0
896,0,5,1,1,74,33,96.0,88.0
897,0,5,1,1,197,33,96.0,88.0
898,0,4,1,1,4,4,98.0,90.0
899,0,4,1,1,9,8,98.0,90.0
900,0,4,1,1,8,6,98.0,90.0
901,0,4,1,1,29,33,98.0,90.0
902,0,4,1,1,78,33,98.0,90.0
903,0,4,1,1,8,6,98.0,88.0
904,0,4,1,1,16,13,98.0,88.0
905,0,4,1,1,7,5,98.0,88.0
906,0,4,1,1,29,33,98.0,88.0
907,0,4,1,1,30,33,98.0,88.0
908,2,5,2,2,1,1,94.0,75.55555555555556
909,2,5,2,2,19,12,94.0,75.55555555555556
910,2,5,2,2,158,33,94.0,75.55555555555556
911,2,5,2,2,35,19,94.0,75.55555555555556
912,2,5,2,2,30,32,94.0,75.55555555555556
913,2,5,2,2,36,33,94.0,75.55555555555556
914,2,5,2,2,54,33,94.0,75.55555555555556
915,1,5,2,2,3,3,92.0,84.0
916,1,5,2,2,49,33,92.0,84.0
917,1,5,2,2,16,13,92.0,84.0
918,1,5,2,2,26,25,92.0,84.0
919,1,5,2,2,60,33,92.0,84.0
920,1,5,2,2,71,33,92.0,84.0
921,1,4,2,2,1,1,90.0,78.0
922,1,4,2,2,4,4,90.0,78.0
923,1,4,2,2,5,5,90.0,78.0
924,1,4,2,2,14,14,90.0,78.0
925,1,4,2,2,141,33,90.0,78.0
926,1,4,2,2,1,1,90.0,76.0
927,1,4,2,2,36,33,90.0,76.0
928,1,4,2,2,6,6,90.0,76.0
929,1,4,2,2,29,33,90.0,76.0
930,1,4,2,2,35,33,90.0,76.0
931,1,6,2,1,37,33,88.0,76.0
932,1,6,2,1,36,7,88.0,76.0
933,1,6,2,1,85,33,88.0,76.0
934,1,6,2,1,175,33,88.0,76.0
935,0,4,2,2,1,1,86.0,86.0
936,0,4,2,2,15,14,86.0,86.0
937,0,4,2,2,40,33,86.0,86.0
938,0,4,2,2,17,16,86.0,86.0
939,0,4,2,2,173,33,86.0,86.0
940,0,4,2,2,54,33,86.0,86.0
941,0,4,3,3,1,1,84.0,84.0
942,0,4,3,3,2,2,84.0,84.0
943,0,4,3,3,21,18,84.0,84.0
944,0,4,3,3,18,16,84.0,84.0
945,0,4,3,3,34,31,84.0,84.0
946,0,4,3,3,39,33,84.0,84.0
947,0,6,3,2,2,1,82.0,80.0
948,0,6,3,2,7,3,82.0,80.0
949,0,6,3,2,38,33,82.0,80.0
950,0,6,3,2,41,33,82.0,80.0
951,0,6,3,2,27,33,82.0,80.0
952,0,5,3,3,5,5,78.0,78.0
953,0,5,3,3,2,2,78.0,78.0
954,0,5,3,3,6,6,78.0,78.0
955,0,5,3,3,14,14,78.0,78.0
956,0,5,3,3,27,29,78.0,78.0
957,0,5,3,3,81,33,78.0,78.0
958,0,5,3,3,42,33,78.0,78.0
959,0,2,3,33,42,33,78.0,78.0
960,0,2,3,33,12,33,78.0,78.0
961,0,1,3,33,2,33,78.0,80.0
962,0,1,3,33,1,33,78.0,80.0
963,0,1,3,33,6,33,78.0,80.0
964,0,1,3,33,8,33,78.0,80.0
965,0,4,3,2,34,33,78.0,80.0
966,0,4,3,2,24,33,78.0,80.0
967,0,6,3,2,2,1,76.0,82.0
968,0,6,3,2,32,33,76.0,82.0
969,0,6,3,2,66,33,76.0,82.0
970,0,6,3,2,41,33,76.0,82.0
971,0,6,3,2,26,33,76.0,82.0
972,0,4,2,2,3,3,78.0,84.0
973,0,4,2,2,35,33,78.0,84.0
974,0,4,2,2,31,33,78.0,84.0
975,0,4,2,2,17,33,78.0,84.0
976,0,6,2,1,11,8,78.0,82.0
977,0,6,2,1,22,33,78.0,82.0
978,0,6,2,1,43,33,78.0,82.0
979,0,6,2,1,19,33,78.0,82.0
980,0,6,2,1,356,33,78.0,82.0
981,0,2,2,33,7,33,76.0,82.0
982,0,5,3,3,1,1,76.0,82.0
983,0,5,3,3,2,2,76.0,82.0
984,0,5,3,3,19,17,76.0,82.0
985,0,5,3,3,21,19,76.0,82.0
986,0,5,3,3,108,33,76.0,82.0
987,0,5,3,3,52,33,76.0,82.0
988,0,5,3,3,47,33,76.0,82.0
989,0,4,3,2,13,9,76.0,84.0
990,0,4,3,2,37,33,76.0,84.0
991,0,4,3,2,47,33,76.0,84.0
992,0,4,2,2,3,3,78.0,84.0
993,0,4,2,2,72,33,78.0,84.0
994,0,4,2,2,54,33,78.0,84.0
995,0,4,2,2,33,33,78.0,84.0
996,0,2,2,33,16,33,78.0,84.0
997,0,2,2,33,13,33,78.0,84.0
998,2,5,3,3,13,12,78.0,74.35897435897436
999,2,5,3,3,82,33,78.0,74.35897435897436
1000,2,5,3,3,26,15,78.0,74.35897435897436
1001,2,5,3,3,31,28,78.0,74.35897435897436
1002,2,5,3,3,97,33,78.0,74.35897435897436
1003,2,5,3,3,68,33,78.0,74.35897435897436
1004,2,6,3,2,74,33,80.0,75.67567567567568
1005,2,6,3,2,96,33,80.0,75.67567567567568
1006,1,5,3,3,27,22,82.0,76.0
1007,1,5,3,3,98,33,82.0,76.0
1008,1,5,3,3,37,31,82.0,76.0
1009,1,5,3,3,246,33,82.0,76.0
1010,1,5,3,3,73,33,82.0,76.0
1011,1,6,2,1,319,33,82.0,78.0
1012,1,6,2,1,80,33,82.0,78.0
1013,1,4,2,2,9,6,84.0,80.0
1014,1,4,2,2,28,33,84.0,80.0
1015,1,4,2,2,46,33,84.0,80.0
1016,1,4,2,1,12,6,84.0,78.0
1017,1,4,2,1,151,33,84.0,78.0
1018,1,4,2,1,20,13,84.0,78.0
1019,1,4,2,1,67,33,84.0,78.0
1020,0,4,2,2,59,33,86.0,86.0
1021,0,4,2,2,26,20,86.0,86.0
1022,0,4,2,2,31,25,86.0,86.0
1023,0,4,2,2,106,33,86.0,86.0
1024,1,2,2,33,22,33,86.0,78.0
1025,1,2,2,33,20,33,86.0,78.0
1026,0,6,2,2,15,7,84.0,84.0
1027,0,6,2,2,37,33,84.0,84.0
1028,0,6,2,2,26,33,84.0,84.0
1029,0,6,2,2,35,33,84.0,84.0
1030,0,6,2,2,47,33,84.0,84.0
1031,0,6,2,1,20,6,84.0,84.0
1032,0,6,2,1,63,33,84.0,84.0
1033,0,6,2,1,54,33,84.0,84.0
1034,0,6,2,1,69,33,84.0,84.0
1035,0,5,3,3,10,10,82.0,86.0
1036,0,5,3,3,86,33,82.0,86.0
1037,0,5,3,3,103,33,82.0,86.0
1038,0,5,3,3,58,33,82.0,86.0
1039,0,5,3,3,74,33,82.0,86.0
1040,0,1,3,33,9,33,84.0,86.0
1041,0,1,3,33,7,33,84.0,86.0
1042,0,1,3,33,2,33,84.0,86.0
1043,0,4,3,3,16,15,82.0,84.0
1044,0,4,3,3,2,2,82.0,84.0
1045,0,4,3,3,10,9,82.0,84.0
1046,0,4,3,3,93,33,82.0,84.0
1047,0,4,3,3,30,33,82.0,84.0
1048,0,6,3,2,1,1,80.0,82.0
1049,0,6,3,2,14,5,80.0,82.0
1050,0,6,3,2,21,6,80.0,82.0
1051,0,6,3,2,59,33,80.0,82.0
1052,0,6,3,2,33,33,80.0,82.0
1053,0,4,4,2,8,6,82.0,82.0
1054,0,4,4,2,10,8,82.0,82.0
1055,0,4,4,2,99,33,82.0,82.0
1056,0,4,4,2,66,33,82.0,82.0
1057,0,6,4,2,15,8,80.0,76.0
1058,0,6,4,2,11,6,80.0,76.0
1059,0,6,4,2,9,5,80.0,76.0
1060,0,6,4,2,28,33,80.0,76.0
1061,0,6,4,2,27,33,80.0,76.0
1062,0,5,4,4,1,1,78.0,76.0
1063,0,5,4,4,10,10,78.0,76.0
1064,0,5,4,4,16,15,78.0,76.0
1065,0,5,4,4,276,33,78.0,76.0
1066,0,5,4,4,155,33,78.0,76.0
1067,0,5,4,4,51,33,78.0,76.0
1068,0,4,4,4,1,1,78.0,76.0
1069,0,4,4,4,3,2,78.0,76.0
1070,0,4,4,4,9,9,78.0,76.0
1071,0,4,4,4,35,33,78.0,76.0
1072,0,4,4,4,54,33,78.0,76.0
1073,0,4,4,4,5,5,78.0,76.0
1074,0,4,4,4,65,33,78.0,76.0
1075,0,4,4,4,225,33,78.0,76.0
1076,2,5,4,4,34,24,78.0,75.0
1077,2,5,4,4,46,33,78.0,75.0
1078,2,5,4,4,25,28,78.0,75.0
1079,2,5,4,4,106,33,78.0,75.0
1080,2,5,4,4,81,33,78.0,75.0
1081,2,6,4,2,41,33,78.0,74.07407407407408
1082,2,6,4,2,136,33,78.0,74.07407407407408
1083,2,6,4,2,28,7,78.0,74.07407407407408
1084,2,6,4,2,56,33,78.0,74.07407407407408
1085,2,6,4,2,66,33,78.0,74.07407407407408
1086,1,5,4,4,31,29,78.0,78.0
1087,1,5,4,4,110,33,78.0,78.0
1088,1,5,4,4,102,33,78.0,78.0
1089,1,4,4,3,1,1,76.0,78.0
1090,1,4,4,3,54,33,76.0,78.0
1091,1,4,4,3,36,33,76.0,78.0
1092,1,4,4,3,65,33,76.0,78.0
1093,1,6,3,1,179,33,72.0,78.0
1094,1,6,3,1,36,4,72.0,78.0
1095,1,6,3,1,38,5,72.0,78.0
1096,1,6,3,1,63,33,72.0,78.0
1097,1,4,3,3,1,1,72.0,78.0
1098,1,4,3,3,2,2,72.0,78.0
1099,1,4,3,3,5,5,72.0,78.0
1100,1,4,3,3,17,13,72.0,78.0
1101,1,4,3,3,33,33,72.0,78.0
1102,1,4,3,3,1,1,74.0,78.0
1103,1,4,3,3,16,13,74.0,78.0
1104,1,4,3,3,8,7,74.0,78.0
1105,1,4,3,3,36,33,74.0,78.0
1106,1,4,3,3,65,33,74.0,78.0
1107,0,4,3,3,4,4,74.0,76.0
1108,0,4,3,3,2,2,74.0,76.0
1109,0,4,3,3,11,10,74.0,76.0
1110,0,4,3,3,22,21,74.0,76.0
1111,0,4,3,3,33,31,74.0,76.0
1112,0,4,3,3,117,33,74.0,76.0
1113,0,4,3,3,7,7,74.0,76.0
1114,0,4,3,3,16,16,74.0,76.0
1115,0,4,3,3,64,33,74.0,76.0
1116,0,4,3,3,54,33,74.0,76.0
1117,1,2,3,33,12,33,76.0,82.0
1118,1,2,3,33,1,33,76.0,82.0
1119,0,6,3,1,14,4,72.0,74.0
1120,0,6,3,1,8,3,72.0,74.0
1121,0,6,3,1,19,5,72.0,74.0
1122,0,6,3,1,66,33,72.0,74.0
1123,0,6,3,1,125,33,72.0,74.0
1124,0,6,3,1,12,4,74.0,76.0
1125,0,6,3,1,76,33,74.0,76.0
1126,0,6,3,1,68,33,74.0,76.0
1127,0,6,3,1,55,33,74.0,76.0
1128,0,5,3,3,9,7,74.0,74.0
1129,0,5,3,3,97,33,74.0,74.0
1130,0,5,3,3,127,33,74.0,74.0
1131,0,5,3,3,68,33,74.0,74.0
1132,0,5,3,3,220,33,74.0,74.0
1133,0,6,3,1,40,33,74.0,74.0
1134,0,6,3,1,35,33,74.0,74.0
1135,0,6,3,1,29,33,74.0,74.0
1136,0,6,3,1,53,33,76.0,76.0
1137,0,1,3,33,5,33,78.0,78.0
1138,0,1,3,33,9,33,78.0,78.0
1139,0,1,3,33,8,33,78.0,78.0
1140,0,1,3,33,5,33,78.0,78.0
1141,0,1,3,33,7,33,78.0,78.0
1142,0,4,3,3,14,13,78.0,76.0
1143,0,4,3,3,26,33,78.0,76.0
1144,0,4,3,3,21,14,80.0,74.0
1145,0,4,3,3,73,33,80.0,74.0
1146,0,6,3,1,20,2,80.0,74.0
1147,0,6,3,1,27,3,80.0,74.0
1148,0,6,3,1,34,6,80.0,74.0
1149,0,6,3,1,141,33,80.0,74.0
1150,0,2,3,33,399,33,80.0,74.0
1151,0,5,3,3,2,2,80.0,74.0
1152,0,5,3,3,8,8,80.0,74.0
1153,0,5,3,3,15,15,80.0,74.0
1154,0,5,3,3,24,30,80.0,74.0
1155,0,5,3,3,113,33,80.0,74.0
1156,0,5,3,3,78,33,80.0,74.0
1157,0,6,3,3,7,8,78.0,74.0
1158,0,6,3,3,2,2,78.0,74.0
1159,0,6,3,3,43,33,78.0,74.0
1160,0,6,3,3,22,13,78.0,74.0
1161,0,6,3,3,35,33,78.0,74.0
1162,0,6,3,3,59,33,78.0,74.0
1163,0,4,3,3,9,8,80.0,76.0
1164,0,4,3,3,2,2,80.0,76.0
1165,0,4,3,3,53,33,80.0,76.0
1166,0,4,3,3,39,33,80.0,76.0
1167,0,4,3,3,50,33,80.0,76.0
1168,0,4,3,3,9,8,76.0,78.0
1169,0,4,3,3,49,33,76.0,78.0
1170,0,4,3,3,82,33,76.0,78.0
1171,2,5,3,3,75,33,74.0,76.0
1172,2,5,3,3,91,33,74.0,76.0
1173,2,6,3,2,2,1,76.0,75.0
1174,2,6,3,2,8,4,76.0,75.0
1175,2,6,3,2,30,11,76.0,75.0
1176,2,6,3,2,39,13,76.0,75.0
1177,2,6,3,2,112,33,76.0,75.0
1178,1,5,3,3,2,2,76.0,82.0
1179,1,5,3,3,80,33,76.0,82.0
1180,1,5,3,3,19,18,76.0,82.0
1181,1,5,3,3,106,33,76.0,82.0
1182,1,5,3,3,264,33,76.0,82.0
1183,1,5,3,3,64,33,76.0,82.0
1184,1,4,3,3,2,2,78.0,82.0
1185,1,4,3,3,78,33,78.0,82.0
1186,1,4,3,3,24,33,78.0,82.0
1187,1,4,3,3,39,33,78.0,82.0
1188,1,4,3,3,24,33,76.0,74.0
1189,1,4,3,3,27,33,76.0,74.0
1190,1,4,3,3,21,33,76.0,74.0
1191,1,4,3,3,26,33,76.0,74.0
1192,1,4,3,3,49,33,76.0,74.0
1193,1,4,3,3,1,1,76.0,76.0
1194,1,4,3,3,50,33,76.0,76.0
1195,1,4,3,3,20,14,76.0,76.0
1196,1,4,3,3,29,33,76.0,76.0
1197,0,4,3,3,122,33,78.0,80.0
1198,0,4,3,3,98,33,76.0,78.0
1199,0,4,3,3,2,2,76.0,78.0
1200,0,4,3,3,35,33,76.0,78.0
1201,0,4,3,3,16,16,76.0,78.0
1202,0,4,3,3,27,27,76.0,78.0
1203,0,4,3,3,40,33,76.0,78.0
1204,0,6,3,3,6,6,74.0,78.0
1205,0,6,3,3,34,33,74.0,78.0
1206,0,6,3,3,47,33,74.0,78.0
1207,0,6,3,3,45,33,74.0,78.0
1208,0,6,3,1,30,33,76.0,78.0
1209,0,6,3,1,296,33,76.0,78.0
1210,0,2,3,33,4,33,78.0,80.0
1211,0,5,3,3,38,33,74.0,76.0
1212,0,5,3,3,1,1,74.0,76.0
1213,0,5,3,3,5,5,74.0,76.0
1214,0,5,3,3,22,19,74.0,76.0
1215,0,5,3,3,62,33,74.0,76.0
1216,0,5,3,3,70,33,74.0,76.0
1217,0,5,3,3,81,33,74.0,76.0
1218,0,1,3,33,2,33,80.0,82.0
1219,0,1,3,33,8,33,80.0,82.0
1220,0,1,3,33,6,33,80.0,82.0
1221,0,4,3,3,39,33,82.0,84.0
1222,0,4,3,3,25,33,82.0,84.0
1223,0,4,3,3,49,33,82.0,84.0
1224,0,4,3,3,23,33,82.0,84.0
1225,0,4,3,3,32,33,82.0,84.0
1226,0,6,3,1,41,33,82.0,82.0
1227,0,6,3,1,73,33,82.0,82.0
1228,0,6,3,1,16,7,82.0,82.0
1229,0,6,3,1,126,33,82.0,82.0
1230,0,6,3,1,70,33,82.0,82.0
1231,1,2,3,33,91,33,80.0,76.0
1232,1,2,3,33,94,33,80.0,76.0
1233,0,5,3,3,1,1,80.0,80.0
1234,0,5,3,3,15,15,80.0,80.0
1235,0,5,3,3,17,17,80.0,80.0
1236,0,5,3,3,23,23,80.0,80.0
1237,0,5,3,3,57,33,80.0,80.0
1238,0,5,3,3,35,33,80.0,80.0
1239,0,5,3,3,95,33,80.0,80.0
1240,0,4,3,4,19,33,82.0,80.0
1241,0,4,4,3,1,1,78.0,74.0
1242,0,4,4,3,2,2,78.0,74.0
1243,0,4,4,3,3,5,78.0,74.0
1244,0,4,4,3,26,33,78.0,74.0
1245,0,4,4,3,254,33,78.0,74.0
1246,1,6,3,1,176,33,78.0,78.0
1247,1,6,3,1,182,33,78.0,78.0
1248,2,5,5,4,2,2,80.0,71.42857142857143
1249,2,5,5,4,16,10,80.0,71.42857142857143
1250,2,5,5,4,19,16,80.0,71.42857142857143
1251,2,5,5,4,2000,33,80.0,71.42857142857143
1252,2,5,5,4,67,33,80.0,71.42857142857143
1253,2,5,5,4,47,33,80.0,71.42857142857143
1254,2,6,4,4,43,14,80.0,75.0
1255,2,6,4,4,86,33,80.0,75.0
1256,1,5,6,6,2,2,78.0,74.0
1257,1,5,6,6,125,33,78.0,74.0
1258,1,5,6,6,51,33,78.0,74.0
1259,1,5,6,6,129,33,78.0,74.0
1260,1,5,6,6,306,33,78.0,74.0
1261,1,5,6,6,123,33,78.0,74.0
1262,1,4,6,4,36,33,80.0,74.0
1263,1,4,6,4,23,33,80.0,74.0
1264,1,4,6,4,38,33,80.0,74.0
1265,1,4,5,5,2,2,80.0,72.0
1266,1,4,5,5,18,33,80.0,72.0
1267,1,4,5,5,27,33,80.0,72.0
1268,1,6,5,3,15,5,76.0,70.0
1269,1,6,5,3,7,2,76.0,70.0
1270,1,6,5,3,62,33,76.0,70.0
1271,1,6,5,3,232,33,76.0,70.0
1272,1,6,5,3,177,33,76.0,70.0
1273,1,4,7,6,16,12,76.0,72.0
1274,1,4,7,6,45,33,76.0,72.0
1275,1,2,7,33,2000,33,76.0,72.0
1276,0,4,10,10,55,33,76.0,70.0
1277,0,4,10,10,12,12,76.0,70.0
1278,0,4,10,10,2,2,76.0,70.0
1279,0,4,10,10,84,33,76.0,70.0
1280,0,4,10,10,76,33,76.0,70.0
1281,0,4,10,10,82,33,76.0,70.0
1282,0,4,13,12,2,2,74.0,68.0
1283,0,4,13,12,14,13,74.0,68.0
1284,0,4,13,12,15,14,74.0,68.0
1285,0,4,13,12,46,33,74.0,68.0
1286,0,4,13,12,71,33,74.0,68.0
1287,0,4,13,12,43,33,74.0,68.0
1288,0,6,14,7,1,1,74.0,68.0
1289,0,6,14,7,98,33,74.0,68.0
1290,0,6,14,7,49,33,74.0,68.0
1291,0,6,14,5,22,33,74.0,68.0
1292,0,6,14,5,7,2,74.0,68.0
1293,0,6,14,5,120,33,74.0,68.0
1294,0,6,14,5,67,33,74.0,68.0
1295,0,6,14,4,22,33,76.0,68.0
1296,0,5,15,14,1,1,74.0,66.0
1297,0,5,15,14,102,33,74.0,66.0
1298,0,5,15,14,79,33,74.0,66.0
1299,0,5,15,14,43,33,74.0,66.0
1300,0,6,16,1,153,33,68.0,62.5
1301,0,6,16,1,193,33,68.0,62.5
1302,0,6,16,1,70,33,68.0,62.5
1303,0,6,16,1,76,33,68.0,62.5
1304,0,6,16,1,200,33,68.0,62.5
1305,2,4,16,12,54,33,70.0,73.91304347826086
1306,0,4,17,15,10,10,70.0,62.22222222222222
1307,0,4,17,15,19,33,70.0,62.22222222222222
1308,0,4,17,15,27,33,70.0,62.22222222222222
1309,0,6,16,8,44,33,72.0,62.7906976744186
1310,0,6,16,8,146,33,72.0,62.7906976744186
1311,0,6,22,3,48,33,68.0,57.89473684210527
1312,0,6,22,3,35,33,68.0,57.89473684210527
1313,0,6,22,3,265,33,68.0,57.89473684210527
1314,0,6,22,3,66,33,68.0,57.89473684210527
1315,0,6,22,3,67,33,68.0,57.89473684210527
1316,0,2,21,33,44,33,68.0,58.333333333333336
1317,0,2,21,33,1,33,68.0,58.333333333333336
1318,0,5,23,20,17,15,68.0,57.57575757575758
1319,0,5,23,20,60,33,68.0,57.57575757575758
1320,0,5,23,20,577,33,68.0,57.57575757575758
1321,0,4,24,33,52,33,66.0,58.06451612903226
1322,0,4,24,33,15,12,66.0,58.06451612903226
1323,1,6,28,4,69,33,66.0,72.0
1324,1,6,28,4,42,5,66.0,72.0
1325,1,6,28,4,110,33,66.0,72.0
1326,1,6,28,4,559,33,66.0,72.0
1327,1,6,28,4,1543,33,66.0,72.0
1328,1,6,36,3,37,4,64.0,70.0
1329,1,6,36,3,28,1,64.0,70.0
1330,1,6,36,3,87,33,64.0,70.0
1331,1,6,36,3,127,33,64.0,70.0
1332,1,6,36,3,73,33,64.0,70.0
1333,2,5,39,33,10,7,66.0,75.0
1334,2,5,39,33,41,33,66.0,75.0
1335,2,5,39,33,8,11,66.0,75.0
1336,2,5,39,33,65,33,66.0,75.0
1337,2,6,40,8,128,33,68.0,83.33333333333334
1338,2,6,40,8,89,33,68.0,83.33333333333334
1339,1,5,63,33,2,2,64.0,70.0
1340,1,5,63,33,28,25,64.0,70.0
1341,1,5,63,33,25,23,64.0,70.0
1342,1,5,63,33,9,9,64.0,70.0
1343,1,5,63,33,46,33,64.0,70.0
1344,1,4,71,33,34,33,64.0,72.0
1345,1,4,71,33,21,10,64.0,72.0
1346,1,6,66,33,178,33,66.0,72.0
1347,1,4,67,33,1,1,68.0,74.0
1348,2,2,64,33,206,33,66.0,71.42857142857143
1349,2,2,64,33,49,33,66.0,71.42857142857143
1350,0,4,66,33,7,7,68.0,58.620689655172406
1351,0,4,66,33,37,33,68.0,58.620689655172406
1352,0,4,67,33,88,33,68.0,60.71428571428571
1353,0,6,72,33,23,6,68.0,60.0
1354,0,6,72,33,40,33,68.0,60.0
1355,0,6,72,33,53,33,68.0,60.0
1356,0,2,70,33,196,33,68.0,56.52173913043478
1357,0,2,70,33,170,33,68.0,56.52173913043478
1358,2,6,81,33,5,1,66.0,70.58823529411765
1359,2,6,81,33,215,33,66.0,70.58823529411765
1360,2,6,81,33,21,4,66.0,70.58823529411765
1361,2,6,81,33,59,33,66.0,70.58823529411765
1362,0,5,76,33,68,33,68.0,59.09090909090909
1363,2,4,85,33,21,14,70.0,71.42857142857143
1364,2,4,85,33,9,4,70.0,71.42857142857143
1365,2,4,85,33,37,33,70.0,71.42857142857143
1366,2,6,88,33,24,33,72.0,75.0
1367,2,6,88,33,105,33,72.0,75.0
1368,0,5,97,33,48,33,70.0,57.89473684210527
1369,0,5,97,33,24,22,70.0,57.89473684210527
1370,0,5,97,33,43,33,70.0,57.89473684210527
1371,0,4,97,33,18,33,70.0,61.111111111111114
1372,1,6,97,33,28,7,72.0,76.0
1373,1,6,97,33,163,33,72.0,76.0
1374,2,5,128,33,27,9,72.0,0.0
1375,2,5,128,33,81,33,72.0,0.0
1376,2,5,128,33,68,33,72.0,0.0
1377,2,5,128,17,129,15,72.0,0.0
1378,2,5,128,17,148,33,72.0,0.0
1379,2,5,128,17,175,33,72.0,0.0
1380,1,5,153,33,9,8,72.0,74.0
1381,1,5,153,33,71,33,72.0,74.0
1382,1,5,153,15,158,33,72.0,74.0
1383,1,5,153,15,208,33,72.0,74.0
1384,1,5,153,15,182,33,72.0,74.0
1385,1,3,142,7,137,5,70.0,74.0
1386,1,3,142,7,169,33,70.0,74.0
1387,1,3,142,7,203,33,70.0,74.0
1388,1,3,142,7,252,33,70.0,74.0
1389,1,3,142,7,153,33,70.0,74.0
1390,1,2,142,33,33,33,74.0,75.51020408163265
1391,1,2,142,33,104,33,74.0,75.51020408163265
1392,1,3,153,6,205,33,74.0,76.08695652173914
1393,1,3,153,6,238,33,74.0,76.08695652173914
1394,1,3,153,6,242,33,74.0,76.08695652173914
1395,1,6,160,33,114,33,76.0,77.77777777777779
1396,1,2,160,33,950,33,76.0,76.74418604651163
1397,1,2,160,33,2000,33,76.0,76.74418604651163
1398,0,3,171,33,135,6,74.0,57.14285714285714
1399,0,3,171,33,174,33,74.0,57.14285714285714
1400,0,3,171,33,140,2,74.0,57.14285714285714
1401,0,3,171,33,219,33,74.0,57.14285714285714
1402,2,3,177,33,158,8,74.0,77.77777777777779
1403,2,3,177,33,139,4,74.0,77.77777777777779
1404,2,3,177,33,504,33,74.0,77.77777777777779
1405,0,5,188,33,4,4,74.0,50.0
1406,0,5,188,33,138,15,74.0,50.0
1407,0,5,188,33,165,32,74.0,50.0
1408,0,5,188,33,287,33,74.0,50.0
1409,0,3,184,33,214,33,72.0,50.0
1410,0,3,184,33,187,33,72.0,50.0
1411,2,3,188,33,14,1,74.0,85.71428571428571
1412,2,3,188,33,185,33,74.0,85.71428571428571
1413,2,3,242,33,116,5,74.0,50.0
1414,2,3,242,33,153,33,74.0,50.0
1415,2,3,242,33,286,33,74.0,50.0
1416,2,3,242,33,157,33,74.0,50.0
1417,2,3,242,33,159,33,74.0,50.0
1418,0,6,248,33,81,33,76.0,57.14285714285714
1419,1,6,272,33,54,6,74.0,78.04878048780488
1420,1,6,272,33,67,33,74.0,78.04878048780488
1421,1,3,294,33,132,1,74.46808510638297,78.94736842105263
1422,1,3,294,33,183,6,74.46808510638297,78.94736842105263
1423,1,3,294,33,241,33,74.46808510638297,78.94736842105263
1424,1,3,323,33,135,2,75.0,80.0
1425,1,3,323,33,186,7,75.0,80.0
1426,1,3,323,33,225,33,75.0,80.0
1427,1,7,348,1,551,7,71.7948717948718,76.66666666666667
1428,1,7,348,1,408,3,71.7948717948718,76.66666666666667
1429,1,7,348,1,1428,33,71.7948717948718,76.66666666666667
1430,1,7,348,1,969,33,71.7948717948718,76.66666666666667
1431,1,7,348,1,815,33,71.7948717948718,76.66666666666667
1432,1,6,368,33,65,4,73.68421052631578,79.3103448275862
1433,1,3,515,33,252,1,69.6969696969697,75.0
1434,1,3,515,33,338,33,69.6969696969697,75.0
1435,1,3,515,33,268,2,69.6969696969697,75.0
1436,1,3,515,33,303,33,69.6969696969697,75.0
1437,1,3,515,33,289,7,69.6969696969697,75.0
1438,1,7,572,33,569,33,71.875,78.26086956521739
1439,1,7,573,33,479,3,66.66666666666666,72.22222222222221
1440,1,7,573,33,605,33,66.66666666666666,72.22222222222221
1441,1,7,573,33,666,33,66.66666666666666,72.22222222222221
1442,1,7,573,33,425,2,66.66666666666666,72.22222222222221
1443,1,7,573,33,2000,33,66.66666666666666,72.22222222222221
1444,1,7,600,33,669,33,66.66666666666666,73.33333333333333
1445,1,7,600,33,985,33,66.66666666666666,73.33333333333333
1446,1,7,600,33,289,5,66.66666666666666,73.33333333333333
1447,2,2,606,33,1340,33,65.21739130434783,0.0
1448,0,7,663,33,314,7,66.66666666666666,60.0
1449,0,7,663,33,398,33,66.66666666666666,60.0
1450,0,7,671,33,728,33,64.70588235294117,0.0
1451,0,7,671,33,267,2,64.70588235294117,0.0
1452,0,7,671,33,413,33,64.70588235294117,0.0
1453,0,7,671,33,2000,33,64.70588235294117,0.0
1454,2,3,676,33,261,33,68.75,0.0
1455,1,7,709,33,785,33,66.66666666666666,72.72727272727273
1456,1,7,709,33,666,33,66.66666666666666,72.72727272727273
1457,1,7,709,33,566,5,66.66666666666666,72.72727272727273
1458,1,7,709,33,2000,33,66.66666666666666,72.72727272727273
1459,1,7,774,33,604,33,72.72727272727273,80.0
1460,1,7,768,33,415,2,71.42857142857143,83.33333333333334
1461,1,7,768,33,952,33,71.42857142857143,83.33333333333334
1462,1,7,768,33,1079,33,71.42857142857143,83.33333333333334
1463,1,7,768,33,559,4,71.42857142857143,83.33333333333334
1464,1,7,2000,33,973,33,0.0,0.0
1465,1,7,2000,33,559,6,0.0,0.0
1466,1,7,2000,33,1021,33,0.0,0.0
1467,1,7,2000,33,1353,33,0.0,0.0
1468,1,7,2000,33,451,4,0.0,0.0
1469,1,7,2000,33,796,33,0.0,0.0
1470,0,7,2000,33,664,33,0.0,0.0
